Project,Label
gcp-python-cloud-storage,Corpus related issues,https://oss-fuzz-build-logs.storage.googleapis.com/log-349a5b80-51e3-4852-ae84-cee5718acc40.txt
gdal,Command and argument related issues,https://oss-fuzz-build-logs.storage.googleapis.com/log-e073b8c2-026e-4c16-ad11-4df254a16c7a.txt
giflib,Corpus related issues,https://oss-fuzz-build-logs.storage.googleapis.com/log-721ef89f-d388-4567-917e-0591adb1f418.txt
gnupg,Not enough information,https://oss-fuzz-build-logs.storage.googleapis.com/log-d7c45f66-4985-4441-b6de-220ad73bdd7b.txt
gnutls,Not enough information,https://oss-fuzz-build-logs.storage.googleapis.com/log-2a55fb5d-135d-4659-af7e-1e26fa8ac3a3.txt
go-attestation,Project: Dependency issues,https://oss-fuzz-build-logs.storage.googleapis.com/log-7969e14b-0694-4df1-9ece-1f2ac7083ee6.txt
go-json-iterator,Project compile error: configuration and build file issues,https://oss-fuzz-build-logs.storage.googleapis.com/log-ecc5cd01-1bd9-4efa-a08b-a3bdcee059b0.txt
go-sftp,Issue downloading external resources,https://oss-fuzz-build-logs.storage.googleapis.com/log-7029ee20-e728-41d2-a22e-e8e6ae38da9c.txt
go-snappy,Corpus related issues,https://oss-fuzz-build-logs.storage.googleapis.com/log-1d8a18fe-423f-4264-ab2b-168d9defc6ad.txt
go-sqlite3,miscellaneous,https://oss-fuzz-build-logs.storage.googleapis.com/log-ea8205fa-c4da-462d-92ab-ef76e2f0309f.txt
golang,Issue downloading external resources,https://oss-fuzz-build-logs.storage.googleapis.com/log-c21586e8-791b-42b8-b9eb-164f23b9f46a.txt
gonids,Project compile error: configuration and build file issues,https://oss-fuzz-build-logs.storage.googleapis.com/log-fc0ce8f4-ddf9-40e1-b6d5-aaf55bc9a5d0.txt
google-py-crc32c,Corpus related issues,https://oss-fuzz-build-logs.storage.googleapis.com/log-65e92ecc-f14e-493a-992f-dfc75a681541.txt
gpac,Not enough information,https://oss-fuzz-build-logs.storage.googleapis.com/log-a87adfe0-7060-4aac-ab67-03f4bf049f27.txt
grok,"Sanitizer errors: Memory Leak in the Project, Buffer-overflow, etc",https://oss-fuzz-build-logs.storage.googleapis.com/log-12ddf43e-cf0a-46de-aebb-808f4f0c53e0.txt
grpc-httpjson-transcoding,Project: Dependency issues,https://oss-fuzz-build-logs.storage.googleapis.com/log-899d9b00-b43a-45e5-a45c-36ab4c24351b.txt
h2database,Issue downloading external resources,https://oss-fuzz-build-logs.storage.googleapis.com/log-b99b4daa-4e0a-468d-be00-e61ecf0468a0.txt
h2o,Environment issue: Compiler issue,https://oss-fuzz-build-logs.storage.googleapis.com/log-b8e66607-6bae-4ae0-b23d-94f884eacdfa.txt
haproxy,Corpus related issues,https://oss-fuzz-build-logs.storage.googleapis.com/log-79e7e5e1-58c5-4953-9792-ac62cb5f7743.txt
harfbuzz,Not enough information,https://oss-fuzz-build-logs.storage.googleapis.com/log-96d74799-962d-45dd-99e5-ebe641ee920f.txt
hdrhistogram,Issue downloading external resources,https://oss-fuzz-build-logs.storage.googleapis.com/log-cfac6ebe-86fd-4dc8-8d03-76b5da70bfd4.txt
helm,Not enough information,https://oss-fuzz-build-logs.storage.googleapis.com/log-6fade683-8d63-4fa1-8878-547b827fb50f.txt
hostap,Coverage build environment issues,https://oss-fuzz-build-logs.storage.googleapis.com/log-ae8f7810-ac6b-4c81-8430-6e1ffa1f15c6.txt
hsqldb,Issue downloading external resources,https://oss-fuzz-build-logs.storage.googleapis.com/log-87db3a9e-3a8f-410c-a0cf-2fe924a9a602.txt
httparse,Environment issue: Compiler issue,https://oss-fuzz-build-logs.storage.googleapis.com/log-6df3d934-64d0-458b-87cd-72637de2ea55.txt
httpcomponents-core,Issue downloading external resources,https://oss-fuzz-build-logs.storage.googleapis.com/log-7a681219-0713-4ee1-8ae7-fec70c199e30.txt
httplib2,Project environment issue,https://oss-fuzz-build-logs.storage.googleapis.com/log-45633edf-9012-44f7-99b5-c924a3f3cc7d.txt
hunspell,Coverage build environment issues,https://oss-fuzz-build-logs.storage.googleapis.com/log-778d7b7f-c9dd-40ad-b23d-bd45eadf6e41.txt
hyperium,Project: Dependency issues,https://oss-fuzz-build-logs.storage.googleapis.com/log-69d27c26-1b92-419a-8c4e-ca599354fc37.txt
image-png,Environment issue: Compiler issue,https://oss-fuzz-build-logs.storage.googleapis.com/log-825c7f3e-1b71-4079-8b68-6cc187b7b710.txt
imagemagick,Environment issue: Hardware issue,https://oss-fuzz-build-logs.storage.googleapis.com/log-f9695d67-5d02-4c3d-a263-343dcc703c25.txt
immer,Broken Fuzz target,https://oss-fuzz-build-logs.storage.googleapis.com/log-1abd4f05-4041-4c30-aa8f-e7d4c9244eeb.txt
irssi,Not enough information,https://oss-fuzz-build-logs.storage.googleapis.com/log-70af4a0b-8245-470b-ace3-6a9a2cb4d086.txt
jackson-databind,Issue downloading external resources,https://oss-fuzz-build-logs.storage.googleapis.com/log-e3c3c245-bef7-443f-8476-f758b589e097.txt
jackson-dataformat-xml,Issue downloading external resources,https://oss-fuzz-build-logs.storage.googleapis.com/log-d12ecb9c-83b2-4a09-89bb-b533814115dc.txt
javassist,Issue downloading external resources,https://oss-fuzz-build-logs.storage.googleapis.com/log-acaa0f6a-25c3-4424-b0f1-b9dd79ac2e5c.txt
jersey,Project: Dependency issues,https://oss-fuzz-build-logs.storage.googleapis.com/log-82cb49a8-9fab-4213-8884-9f5ea0b9a6bd.txt
jimfs,Issue downloading external resources,https://oss-fuzz-build-logs.storage.googleapis.com/log-4de16f55-175e-49f6-81af-3e141757daab.txt
joda-time,Issue downloading external resources,https://oss-fuzz-build-logs.storage.googleapis.com/log-ccc6c7e0-4b7d-4c2d-830c-05b395cb19d3.txt
jsc,Project: Missing source code files,https://oss-fuzz-build-logs.storage.googleapis.com/log-09b87617-d5d0-42fa-864f-aaa3760b19c8.txt
json-c,Source code related project compilation errors,https://oss-fuzz-build-logs.storage.googleapis.com/log-e4abab45-b863-4827-b829-6ba5f2360fb3.txt
jsoncpp,miscellaneous,https://oss-fuzz-build-logs.storage.googleapis.com/log-ae5120e6-ba44-4e43-9f91-308d597964c8.txt
jsonparser,Project compile error: configuration and build file issues,https://oss-fuzz-build-logs.storage.googleapis.com/log-355ce8a0-c2f5-4a07-909f-149233de833e.txt
kafka,Corpus related issues,https://oss-fuzz-build-logs.storage.googleapis.com/log-ae69febb-f500-44ec-9a1b-23e4cf67a117.txt
kcodecs,Environment issue: Compiler issue,https://oss-fuzz-build-logs.storage.googleapis.com/log-b48b5507-f8e0-4e3c-8474-1852b6c29140.txt
knot-dns,Not enough information,https://oss-fuzz-build-logs.storage.googleapis.com/log-0ea5baf2-321e-477c-9c7a-0b2628a47070.txt
kubeedge,"Sanitizer errors: Memory Leak in the Project, Buffer-overflow, etc",https://oss-fuzz-build-logs.storage.googleapis.com/log-f6d8e847-1494-4b1a-9b15-bf0299333385.txt
kubernetes,Source code related project compilation errors,https://oss-fuzz-build-logs.storage.googleapis.com/log-7e837d81-7dd6-4fa9-95a9-38869b27cd3e.txt
lame,Coverage file and directory issues,https://oss-fuzz-build-logs.storage.googleapis.com/log-ef6665ad-f6ce-45aa-aef8-6835653166bf.txt
leptonica,Project: Dependency issues,https://oss-fuzz-build-logs.storage.googleapis.com/log-b85dd8a6-1192-4c16-a75e-0dfb2d9227cd.txt
libaom,Environment issue: Compiler issue,https://oss-fuzz-build-logs.storage.googleapis.com/log-cf73dd00-0ccc-468d-926c-cb48dfb7bf01.txt
libarchive,Environment issue: Compiler issue,https://oss-fuzz-build-logs.storage.googleapis.com/log-c675f041-710a-4fa5-969c-994814ec7526.txt
libavc,Environment issue: Compiler issue,https://oss-fuzz-build-logs.storage.googleapis.com/log-8fa0d28d-3b34-4b58-a886-904a5729122f.txt
libcoap,Coverage file and directory issues,https://oss-fuzz-build-logs.storage.googleapis.com/log-90a46d36-138d-4c5b-b166-e76f10c567d0.txt
libdwarf,Environment issue: Compiler issue,https://oss-fuzz-build-logs.storage.googleapis.com/log-6fccd351-a21d-4a9d-ba87-312bfe56702c.txt
libecc,Source code related project compilation errors,https://oss-fuzz-build-logs.storage.googleapis.com/log-a78508a7-5290-4ff2-9e00-e2688c5d1b29.txt
libevent,Environment issue: Compiler issue,https://oss-fuzz-build-logs.storage.googleapis.com/log-8bb1fd2a-e47c-4c35-bd6e-a9192b5ef567.txt
libfdk-aac,Project: Dependency issues,https://oss-fuzz-build-logs.storage.googleapis.com/log-ceefafee-c903-48ba-b492-de1dcead3b6c.txt
libfido2,Corpus related issues,https://oss-fuzz-build-logs.storage.googleapis.com/log-4ed2ea88-de02-41ff-9129-2f067a21d753.txt
libhtp,Project: Missing source code files,https://oss-fuzz-build-logs.storage.googleapis.com/log-6fd920d9-0463-47a9-a438-18dcc588f623.txt
libidn2,Environment issue: Compiler issue,https://oss-fuzz-build-logs.storage.googleapis.com/log-ee1db041-9228-47c5-8774-48936e703aba.txt
libiec61850,Coverage build environment issues,https://oss-fuzz-build-logs.storage.googleapis.com/log-178a7c10-7ab0-46ee-aa9d-ec61e5347532.txt
libigl,Environment issue: Network issue,https://oss-fuzz-build-logs.storage.googleapis.com/log-5679cade-dc46-4970-820a-44e154d26e67.txt
libjpeg-turbo,Source code related project compilation errors,https://oss-fuzz-build-logs.storage.googleapis.com/log-0b9f84a5-9ddd-4a9a-9702-1f2cb6267c99.txt
liblnk,Corpus related issues,https://oss-fuzz-build-logs.storage.googleapis.com/log-89129945-defb-4e7d-96b8-0a1548db06c7.txt
liblouis,Corpus related issues,https://oss-fuzz-build-logs.storage.googleapis.com/log-b7bb53e3-2d03-47ff-ba58-a36189132282.txt
libmpeg2,Command and argument related issues,https://oss-fuzz-build-logs.storage.googleapis.com/log-d4e1c196-7083-4412-8047-4fea5bbcfc4f.txt
libphonenumber,Environment issue: Compiler issue,https://oss-fuzz-build-logs.storage.googleapis.com/log-fcdd08fb-eb49-4bf7-b0cb-12f0996bc40d.txt
libplist,Runtime issue while fuzzing,https://oss-fuzz-build-logs.storage.googleapis.com/log-162d7a4a-ce11-451d-875b-0df2ee36b97c.txt
libpng,Environment issue: Compiler issue,https://oss-fuzz-build-logs.storage.googleapis.com/log-34205201-56e4-4077-9535-6bcdc6aafb29.txt
libpng-proto,Corpus related issues,https://oss-fuzz-build-logs.storage.googleapis.com/log-eb5b4711-bccb-4b85-8d81-f283f25a1edf.txt
libpsl,Command and argument related issues,https://oss-fuzz-build-logs.storage.googleapis.com/log-33248e12-1c84-4c02-9852-005847481744.txt
librdkafka,Project: Dependency issues,https://oss-fuzz-build-logs.storage.googleapis.com/log-bd799639-70c2-41ec-a62e-d7ef98434929.txt
libregf,Corpus related issues,https://oss-fuzz-build-logs.storage.googleapis.com/log-76845402-0b92-429b-8575-ba9c69d91770.txt
libspectre,Project: Missing source code files,https://oss-fuzz-build-logs.storage.googleapis.com/log-151e2fc0-a6dd-4f10-b1e8-262c03498f98.txt
libtheora,Runtime issue while fuzzing,https://oss-fuzz-build-logs.storage.googleapis.com/log-6fe57193-74c7-4b9e-b04d-d0230d473645.txt
libtpms,Coverage file and directory issues,https://oss-fuzz-build-logs.storage.googleapis.com/log-0c424f89-c3ed-4384-b959-dbbf795cdfe5.txt
libusb,Environment issue: Compiler issue,https://oss-fuzz-build-logs.storage.googleapis.com/log-9615c5f7-fbea-43e8-a895-4d2759d80047.txt
libxls,Environment issue: Compiler issue,https://oss-fuzz-build-logs.storage.googleapis.com/log-137c31cb-61c2-4f39-8bb9-2bef7c4e9bea.txt
libyaml,Coverage file and directory issues,https://oss-fuzz-build-logs.storage.googleapis.com/log-56541dcf-2de5-4aa4-b00b-c69952134efe.txt
libyang,Command and argument related issues,https://oss-fuzz-build-logs.storage.googleapis.com/log-076e3974-236d-4546-a35c-4002988b7b00.txt
libzip,Project: Missing source code files,https://oss-fuzz-build-logs.storage.googleapis.com/log-e8eadd17-e0e9-4ab5-bd8d-0d7ebc0fd183.txt
llhttp,Project: Dependency issues,https://oss-fuzz-build-logs.storage.googleapis.com/log-c6369265-5471-40fa-bd3d-c6946030884f.txt
llvm_libcxx,Runtime issue while fuzzing,https://oss-fuzz-build-logs.storage.googleapis.com/log-3bab850a-b02a-42d3-a5c3-10cb5883856e.txt
lodepng,Coverage file and directory issues,https://oss-fuzz-build-logs.storage.googleapis.com/log-3149a576-009f-442b-81f9-fb33c8683269.txt
lotus,Command and argument related issues,https://oss-fuzz-build-logs.storage.googleapis.com/log-86cea414-9e96-4feb-9467-8316b9d77384.txt
lwan,Not enough information,https://oss-fuzz-build-logs.storage.googleapis.com/log-f73316f2-7570-42d9-ad8d-757742244e1a.txt
lz4,"Sanitizer errors: Memory Leak in the Project, Buffer-overflow, etc",https://oss-fuzz-build-logs.storage.googleapis.com/log-fa69f0e4-84ba-400b-a97e-f03d7ba097b0.txt
lzo,Environment issue: Compiler issue,https://oss-fuzz-build-logs.storage.googleapis.com/log-fe2fc7fc-4b6a-4d2f-8072-55690978621b.txt
md4c,Coverage build environment issues,https://oss-fuzz-build-logs.storage.googleapis.com/log-2d15a4a2-70e0-4a31-bf4e-9349a1b6699c.txt
mdbtools,Runtime issue while fuzzing,https://oss-fuzz-build-logs.storage.googleapis.com/log-48d9b778-888a-4a1f-940d-300c28113421.txt
minify,Issue downloading external resources,https://oss-fuzz-build-logs.storage.googleapis.com/log-495e8886-2fc6-4c0f-bf9d-9426d88204b5.txt
minizinc,"Sanitizer errors: Memory Leak in the Project, Buffer-overflow, etc",https://oss-fuzz-build-logs.storage.googleapis.com/log-1a35d449-ab63-479d-8d1e-e38cdacd8ae9.txt
mosh,Not enough information,https://oss-fuzz-build-logs.storage.googleapis.com/log-8d4996e2-9034-4989-8f71-55d48f3104c0.txt
mp4parse-rust,Runtime issue while fuzzing,https://oss-fuzz-build-logs.storage.googleapis.com/log-ed3bfce5-4c39-4436-a18d-aedf3f215f01.txt
mpg123,Broken Fuzz target,https://oss-fuzz-build-logs.storage.googleapis.com/log-c16f2588-f8ac-4730-b11e-c476df251c8b.txt
mruby,Project compile error: configuration and build file issues,https://oss-fuzz-build-logs.storage.googleapis.com/log-765412eb-8309-42f0-a4ae-f911d60a2efc.txt
muduo,Command and argument related issues,https://oss-fuzz-build-logs.storage.googleapis.com/log-16621bca-f21a-4dc1-a669-ae30dfaad8ae.txt
ndpi,Environment issue: Compiler issue,https://oss-fuzz-build-logs.storage.googleapis.com/log-82371f2b-d555-422b-b1dd-7ddec06b9c20.txt
njs,Corpus related issues,https://oss-fuzz-build-logs.storage.googleapis.com/log-d917507d-6485-483a-9fe7-dde331226cb2.txt
oauthlib,Corpus related issues,https://oss-fuzz-build-logs.storage.googleapis.com/log-b0b8cc52-65c5-4526-83cd-0cc89ee1a296.txt
opendnp3,miscellaneous,https://oss-fuzz-build-logs.storage.googleapis.com/log-aa548b7f-4db1-4906-b946-b3afe80f40aa.txt
openexr,Coverage build environment issues,https://oss-fuzz-build-logs.storage.googleapis.com/log-1b77e30f-3754-4b31-b913-6804bff58c66.txt
openjpeg,Runtime issue while fuzzing,https://oss-fuzz-build-logs.storage.googleapis.com/log-4aafe473-1052-4b19-b0ce-32cf3ee60bb3.txt
openssh,Project environment issue,https://oss-fuzz-build-logs.storage.googleapis.com/log-e766082e-4f79-42b3-8c80-296c54517cda.txt
openthread,miscellaneous,https://oss-fuzz-build-logs.storage.googleapis.com/log-7d43d249-3182-4402-94ee-d5cd148d0b5b.txt
openyurt,Corpus related issues,https://oss-fuzz-build-logs.storage.googleapis.com/log-0d45cfdc-b679-4716-bfb2-f9b29dd53d71.txt
orbit,Project: Dependency issues,https://oss-fuzz-build-logs.storage.googleapis.com/log-ce7be1a7-ef03-4b3e-9514-147158a0c65e.txt
ots,Command and argument related issues,https://oss-fuzz-build-logs.storage.googleapis.com/log-75a07dd6-5db9-4438-8061-800615102aee.txt
pandas,Corpus related issues,https://oss-fuzz-build-logs.storage.googleapis.com/log-8a964886-44eb-4b32-a9ba-a748c79181b8.txt
pigweed,Coverage file and directory issues,https://oss-fuzz-build-logs.storage.googleapis.com/log-41ce8bc3-3026-4a4e-9067-a41654c8a559.txt
powerdns,Project environment issue,https://oss-fuzz-build-logs.storage.googleapis.com/log-1f3dcda4-4f50-4a53-a826-7ff4f8bb0166.txt
protobuf-java,Issue downloading external resources,https://oss-fuzz-build-logs.storage.googleapis.com/log-2fe237b0-9cb5-4a55-894d-14ab751405da.txt
pugixml,Not enough information,https://oss-fuzz-build-logs.storage.googleapis.com/log-3b9f0f4d-eac8-4a7a-98e4-d026244f862f.txt
pulumi,Issue downloading external resources,https://oss-fuzz-build-logs.storage.googleapis.com/log-2c36af23-b7e4-4d2e-9622-9fa83f077aa4.txt
pydateutil,Corpus related issues,https://oss-fuzz-build-logs.storage.googleapis.com/log-c980040c-b3b0-4e0b-abb2-27562e6ff6de.txt
pygments,Issue downloading external resources,https://oss-fuzz-build-logs.storage.googleapis.com/log-9e50e1ed-ed75-419d-bb3b-f6ae03673d22.txt
python3-libraries,"Sanitizer errors: Memory Leak in the Project, Buffer-overflow, etc",https://oss-fuzz-build-logs.storage.googleapis.com/log-bcd99d49-8dde-4a83-bb92-3990aeb3da6b.txt
pyxdg,Issue downloading external resources,https://oss-fuzz-build-logs.storage.googleapis.com/log-e6930089-36db-4249-a571-619a0e25941e.txt
qcms,Environment issue: Compiler issue,https://oss-fuzz-build-logs.storage.googleapis.com/log-c614f8c3-b444-4e1d-9908-d7126135bb28.txt
qubes-os,Runtime issue while fuzzing,https://oss-fuzz-build-logs.storage.googleapis.com/log-909ee75e-4ce9-4ca4-b225-3a30facca4f3.txt
quic-go,Project environment issue,https://oss-fuzz-build-logs.storage.googleapis.com/log-5f868012-d4c2-44b3-b7f1-a87a728982ee.txt
radon,Command and argument related issues,https://oss-fuzz-build-logs.storage.googleapis.com/log-646c80b1-4908-47b0-bdec-70d5c0d52d19.txt
rapidjson,Not enough information,https://oss-fuzz-build-logs.storage.googleapis.com/log-e6412b87-398e-4d32-9c27-8253709881cb.txt
rdkit,Project: Dependency issues,https://oss-fuzz-build-logs.storage.googleapis.com/log-6e4c7d5a-f74e-4192-9ec4-c2566fa42ba7.txt
re2,Runtime issue while fuzzing,https://oss-fuzz-build-logs.storage.googleapis.com/log-5c8f1848-2545-4036-8e29-60d0473d66fe.txt
redis-py,Corpus related issues,https://oss-fuzz-build-logs.storage.googleapis.com/log-73d1c298-9f9c-4c66-8daa-7ecd12f84055.txt
requests,Corpus related issues,https://oss-fuzz-build-logs.storage.googleapis.com/log-a768c365-04a0-4685-868a-43c8617adc91.txt
rnp,Command and argument related issues,https://oss-fuzz-build-logs.storage.googleapis.com/log-a3c0bd20-8f6e-473d-a4aa-0441b5954d27.txt
rust-regex,Coverage build environment issues,https://oss-fuzz-build-logs.storage.googleapis.com/log-ea08e24e-7f5f-483d-a190-9f1e5ea5e8b4.txt
rustls,Project: Missing source code files,https://oss-fuzz-build-logs.storage.googleapis.com/log-c0841020-2654-42ef-b538-1746ef40ffdf.txt
selinux,Not enough information,https://oss-fuzz-build-logs.storage.googleapis.com/log-efb5c12d-6933-4938-a8ba-3dfb1ab60f68.txt
serde_json,Environment issue: Compiler issue,https://oss-fuzz-build-logs.storage.googleapis.com/log-212d4fc8-d583-44ad-9c30-52b58c608d58.txt
skcms,Coverage file and directory issues,https://oss-fuzz-build-logs.storage.googleapis.com/log-c2745b14-a606-41b8-86c9-cf9b9f00cac7.txt
snakeyaml,Issue downloading external resources,https://oss-fuzz-build-logs.storage.googleapis.com/log-4d968aae-87b7-49db-8c45-43313d28200f.txt
solidity,Command and argument related issues,https://oss-fuzz-build-logs.storage.googleapis.com/log-3efbb04b-af0d-454b-9f9b-af2c86a11523.txt
spdk,Not enough information,https://oss-fuzz-build-logs.storage.googleapis.com/log-853d4518-21b2-43a0-8a53-b617a84096bb.txt
spidermonkey,Missing fuzz target,https://oss-fuzz-build-logs.storage.googleapis.com/log-e0a49062-5ed5-4bef-9430-1c475e58e66a.txt
spring-boot,Issue downloading external resources,https://oss-fuzz-build-logs.storage.googleapis.com/log-6ddc3f28-c8a5-466c-a415-1c2465d8a513.txt
spring-cloud-commons,Issue downloading external resources,https://oss-fuzz-build-logs.storage.googleapis.com/log-15d97c72-3ead-404a-b4d9-f578652444cf.txt
spring-security,Issue downloading external resources,https://oss-fuzz-build-logs.storage.googleapis.com/log-c5cc30c3-192d-46ea-8862-a498483db7db.txt
sqlite3,miscellaneous,https://oss-fuzz-build-logs.storage.googleapis.com/log-60a7a2ba-cc60-43a4-a775-b8b000d3dfc9.txt
sudoers,Coverage build environment issues,https://oss-fuzz-build-logs.storage.googleapis.com/log-77d05ec0-01a7-4be7-8527-fcd5bbaade88.txt
suricata,Source code related project compilation errors,https://oss-fuzz-build-logs.storage.googleapis.com/log-4a06166b-3280-4e5a-8dc9-ba76d6d8dbe3.txt
swift-nio,Source code related project compilation errors,https://oss-fuzz-build-logs.storage.googleapis.com/log-a31abade-0e97-4501-8602-59c3a0db1c68.txt
systemd,Not enough information,https://oss-fuzz-build-logs.storage.googleapis.com/log-d5b2f578-eac5-4eb3-b999-e87b3e713a7d.txt
syzkaller,Issue downloading external resources,https://oss-fuzz-build-logs.storage.googleapis.com/log-a7a8d4cb-c7dd-4bc1-a45f-8b0fbcf9e1c9.txt
tarantool,Corpus related issues,https://oss-fuzz-build-logs.storage.googleapis.com/log-28b64443-de76-4e96-9596-a6ea1828d426.txt
tidb,Corpus related issues,https://oss-fuzz-build-logs.storage.googleapis.com/log-59f27611-984e-44fe-8867-a1198aaf9d46.txt
tink,Project: Missing source code files,https://oss-fuzz-build-logs.storage.googleapis.com/log-f1be26f8-d3e4-4e71-ae08-d30c58507eba.txt
tint,Source code related project compilation errors,https://oss-fuzz-build-logs.storage.googleapis.com/log-982b0d4e-430e-4f32-98e5-e2932db44af8.txt
tinyobjloader,Command and argument related issues,https://oss-fuzz-build-logs.storage.googleapis.com/log-22c155eb-30e2-4b8b-8662-6a56d56a1e12.txt
tinyxml2,Not enough information,https://oss-fuzz-build-logs.storage.googleapis.com/log-c8c2bb07-818e-4eaf-aa97-bc47c665258a.txt
tmux,"Sanitizer errors: Memory Leak in the Project, Buffer-overflow, etc",https://oss-fuzz-build-logs.storage.googleapis.com/log-e97b9739-22f4-46ec-9f00-115148e3daaf.txt
tpm2,Not enough information,https://oss-fuzz-build-logs.storage.googleapis.com/log-3a0d9a31-a5b0-496e-8dcb-947d72683fbc.txt
tremor,Broken Fuzz target,https://oss-fuzz-build-logs.storage.googleapis.com/log-38c9843f-3482-4dc9-8af3-b2ef0fbeac27.txt
unrar,Corpus related issues,https://oss-fuzz-build-logs.storage.googleapis.com/log-aea1aaba-defb-4221-b8f5-93ec5bba4f40.txt
urllib3,Issue downloading external resources,https://oss-fuzz-build-logs.storage.googleapis.com/log-274bf408-8dbe-4d40-a50a-abb8b2c536fc.txt
usrsctp,Source code related project compilation errors,https://oss-fuzz-build-logs.storage.googleapis.com/log-c2ac805a-ec92-4516-9846-953321f50294.txt
valijson,Not enough information,https://oss-fuzz-build-logs.storage.googleapis.com/log-22febb02-6a59-450a-9aad-9ea38af49f8b.txt
vitess,Issue downloading external resources,https://oss-fuzz-build-logs.storage.googleapis.com/log-946a8006-1ee4-4d94-b1c3-49e3b4a0f027.txt
wabt,Not enough information,https://oss-fuzz-build-logs.storage.googleapis.com/log-b208f40b-3a9c-4850-83e4-5278bc6fe3b4.txt
wget2,miscellaneous,https://oss-fuzz-build-logs.storage.googleapis.com/log-4a7491dc-d2bf-44d7-9973-e14517e32aa5.txt
wolfssl,Not enough information,https://oss-fuzz-build-logs.storage.googleapis.com/log-49c108ec-2ebc-4eba-9c78-10c25297fa94.txt
xerces-c,Coverage build environment issues,https://oss-fuzz-build-logs.storage.googleapis.com/log-f2676f6b-2da2-4ede-a793-2588d210744e.txt
xpdf,Project compile error: configuration and build file issues,https://oss-fuzz-build-logs.storage.googleapis.com/log-21de6139-45c8-4b87-9650-ce60153b04ea.txt
xs,Environment issue: Compiler issue,https://oss-fuzz-build-logs.storage.googleapis.com/log-de47c82e-605c-48d7-82ed-4aa226e6a54a.txt
yara,Environment issue: Compiler issue,https://oss-fuzz-build-logs.storage.googleapis.com/log-f8eafe9f-7c58-4f7e-bcc3-3880681a7879.txt
ygot,Issue downloading external resources,https://oss-fuzz-build-logs.storage.googleapis.com/log-ab52b72e-b19e-4460-ab32-a895f12f58cd.txt
zetasql,Coverage file and directory issues,https://oss-fuzz-build-logs.storage.googleapis.com/log-c84fa740-b842-4278-bdec-d9389a7010ab.txt
zip4j,Issue downloading external resources,https://oss-fuzz-build-logs.storage.googleapis.com/log-c690816e-c6ed-45c5-a63d-d496e2958a99.txt
zlib,Corpus related issues,https://oss-fuzz-build-logs.storage.googleapis.com/log-fcac9aad-8849-4cec-8d31-f498d84868ac.txt
zlib-ng,Not enough information,https://oss-fuzz-build-logs.storage.googleapis.com/log-8da6036b-8920-4a0b-a482-3dc69b308c06.txt
zstd,Corpus related issues,https://oss-fuzz-build-logs.storage.googleapis.com/log-b906e7c0-8054-4c4b-aadc-a0b48ba67199.txt
gdbm,Command and argument related issues,https://oss-fuzz-build-logs.storage.googleapis.com/log-7d2cf10c-435f-45d3-adb4-dd29b28efd64.txt
geos,Not enough information,https://oss-fuzz-build-logs.storage.googleapis.com/log-7adde863-a9e7-42f6-96ac-31e53e3029ac.txt
gfwx,Corpus related issues,https://oss-fuzz-build-logs.storage.googleapis.com/log-c60bffcd-dc47-4360-8234-3e0d869f095e.txt
ghostscript,Project: Missing source code files,https://oss-fuzz-build-logs.storage.googleapis.com/log-a16ea07f-4623-445a-b7d5-6e906687bbc8.txt
gitea,Project compile error: configuration and build file issues,https://oss-fuzz-build-logs.storage.googleapis.com/log-6d69c4bb-8bde-4058-b535-a6359675fc9c.txt
go-coredns,Runtime issue while fuzzing,https://oss-fuzz-build-logs.storage.googleapis.com/log-419b6e13-9f86-4e60-b4d9-d6b09ecd5680.txt
go-dns,Project compile error: configuration and build file issues,https://oss-fuzz-build-logs.storage.googleapis.com/log-ae8035d7-fc3b-4804-abf1-ef411ea01c7e.txt
go-toml,Corpus related issues,https://oss-fuzz-build-logs.storage.googleapis.com/log-c1339d86-b61c-4e86-b637-2aadebabcbb8.txt
gopacket,Issue downloading external resources,https://oss-fuzz-build-logs.storage.googleapis.com/log-1f49105f-316a-4956-af2c-5af7ea4101d0.txt
graphicsmagick,Command and argument related issues,https://oss-fuzz-build-logs.storage.googleapis.com/log-ae9fdf6b-96ee-41f1-95ac-8e22fc0b1f3a.txt
grpc-py,Corpus related issues,https://oss-fuzz-build-logs.storage.googleapis.com/log-37c4fcad-51a2-4313-aa80-0faed4646c8b.txt
grpc-swift,Environment issue: Compiler issue,https://oss-fuzz-build-logs.storage.googleapis.com/log-8164618f-a4f9-4433-93f7-86bec77e432f.txt
gson,Issue downloading external resources,https://oss-fuzz-build-logs.storage.googleapis.com/log-77c314a0-277c-4bd6-9ae9-58fc181ef611.txt
guava,Issue downloading external resources,https://oss-fuzz-build-logs.storage.googleapis.com/log-aa28b7cd-bfa1-40bb-9659-8efe6daf678c.txt
guice,Issue downloading external resources,https://oss-fuzz-build-logs.storage.googleapis.com/log-c30fa9a8-1dd8-4e8f-90c1-0decef091d65.txt
hamcrest,Not enough information,https://oss-fuzz-build-logs.storage.googleapis.com/log-76a11f2a-50cc-4da9-b514-dcfbf79846cd.txt
hermes,Environment issue: Compiler issue,https://oss-fuzz-build-logs.storage.googleapis.com/log-3397f1df-4f5b-482b-b6cf-666128da65f8.txt
htslib,Environment issue: Compiler issue,https://oss-fuzz-build-logs.storage.googleapis.com/log-a5e0dbd3-c6c6-44e7-8477-6ea7a6bfc070.txt
http-parser,"Sanitizer errors: Memory Leak in the Project, Buffer-overflow, etc",https://oss-fuzz-build-logs.storage.googleapis.com/log-d65492c7-504d-4b06-bbc4-338b4778c8d1.txt
http-pattern-matcher,Corpus related issues,https://oss-fuzz-build-logs.storage.googleapis.com/log-ab772e15-2294-454b-b429-ed1c17a18f35.txt
hugo,Corpus related issues,https://oss-fuzz-build-logs.storage.googleapis.com/log-8c1e44c0-d5d9-47e1-8f31-21857e16b960.txt
igraph,Project: Dependency issues,https://oss-fuzz-build-logs.storage.googleapis.com/log-cf8788b4-8a00-4493-877a-6d3001f6ca41.txt
image-rs,Not enough information,https://oss-fuzz-build-logs.storage.googleapis.com/log-b5366fae-d6bf-44c1-8744-655a9c6b399d.txt
inchi,Runtime issue while fuzzing,https://oss-fuzz-build-logs.storage.googleapis.com/log-d18dc5b0-45bd-416b-8dfb-0fc372fe89d3.txt
influxdb,Issue downloading external resources,https://oss-fuzz-build-logs.storage.googleapis.com/log-c064033f-4541-48ca-9f2f-f75af5401569.txt
ipfs,Project compile error: configuration and build file issues,https://oss-fuzz-build-logs.storage.googleapis.com/log-8c53b716-8d48-46c2-b7d2-c3047830785d.txt
jackson-core,Issue downloading external resources,https://oss-fuzz-build-logs.storage.googleapis.com/log-b3a6ebef-7df7-47ba-96e3-4e94c52188aa.txt
jackson-dataformats-binary,Issue downloading external resources,https://oss-fuzz-build-logs.storage.googleapis.com/log-d2919aff-376c-4742-bad4-99e4a06411ae.txt
jackson-dataformats-text,Issue downloading external resources,https://oss-fuzz-build-logs.storage.googleapis.com/log-508ccc32-d4f2-4278-9498-40b012dd2685.txt
jackson-modules-java8,Issue downloading external resources,https://oss-fuzz-build-logs.storage.googleapis.com/log-6a994974-7574-405b-8671-82dbb0184480.txt
janino,Issue downloading external resources,https://oss-fuzz-build-logs.storage.googleapis.com/log-f3eb3710-31f4-4cbf-b01c-f4316f0eebcc.txt
javaparser,Environment issue: Network issue,https://oss-fuzz-build-logs.storage.googleapis.com/log-22325f97-1169-420e-b3d8-e6b793c633d1.txt
json-sanitizer,Issue downloading external resources,https://oss-fuzz-build-logs.storage.googleapis.com/log-8a00c39c-bd16-4bda-9b64-956873c5eae7.txt
json5format,Environment issue: Compiler issue,https://oss-fuzz-build-logs.storage.googleapis.com/log-bccdba14-1867-4a3b-926f-01501bb62d52.txt
jsoncons,Command and argument related issues,https://oss-fuzz-build-logs.storage.googleapis.com/log-08098d86-b150-4290-91ba-893b10108fa8.txt
jsonnet,"Sanitizer errors: Memory Leak in the Project, Buffer-overflow, etc",https://oss-fuzz-build-logs.storage.googleapis.com/log-7948e3df-d84e-416a-bd94-619faf04e410.txt
jsonschema,Broken Fuzz target,https://oss-fuzz-build-logs.storage.googleapis.com/log-540e84c7-4634-4afe-96ce-3e4c76ac7e38.txt
jsoup,Issue downloading external resources,https://oss-fuzz-build-logs.storage.googleapis.com/log-73044af0-57ad-4627-bc3b-f61994006110.txt
junrar,Issue downloading external resources,https://oss-fuzz-build-logs.storage.googleapis.com/log-8b3b5eba-8f16-47ba-9ce6-85da16a2ee93.txt
kubernetes-cluster-api,Project: Dependency issues,https://oss-fuzz-build-logs.storage.googleapis.com/log-e02f2fd9-3fea-4c47-b755-b75d0b9111c7.txt
lcms,Runtime issue while fuzzing,https://oss-fuzz-build-logs.storage.googleapis.com/log-c6620978-1bb6-4e93-9a6f-e84510f55cfe.txt
leveldb,Corpus related issues,https://oss-fuzz-build-logs.storage.googleapis.com/log-6fff5f3c-9230-4d0c-9a85-e66c84c5ab32.txt
libbpf,"Sanitizer errors: Memory Leak in the Project, Buffer-overflow, etc",https://oss-fuzz-build-logs.storage.googleapis.com/log-71e7fe9b-bde3-43dc-ae32-6bbcb1319995.txt
libcacard,Fuzzer build script issues,https://oss-fuzz-build-logs.storage.googleapis.com/log-b6ca4710-ca49-4c61-9fb2-81ba863c89e5.txt
libcbor,Source code related project compilation errors,https://oss-fuzz-build-logs.storage.googleapis.com/log-47749f13-8aa7-48cc-97d3-748a16cb412f.txt
libesedb,Corpus related issues,https://oss-fuzz-build-logs.storage.googleapis.com/log-99b72aa4-1131-48cf-8f79-d5924b987e4c.txt
libevt,Corpus related issues,https://oss-fuzz-build-logs.storage.googleapis.com/log-678d0661-bb5d-48e9-9a68-be2694f376b7.txt
libexe,Corpus related issues,https://oss-fuzz-build-logs.storage.googleapis.com/log-8e13a2c9-7044-4897-ab02-172782a59df1.txt
libexif,Runtime issue while fuzzing,https://oss-fuzz-build-logs.storage.googleapis.com/log-85618b9d-87f2-4ab3-9b58-99842853677a.txt
libgit2,Command and argument related issues,https://oss-fuzz-build-logs.storage.googleapis.com/log-29e3c1f2-e9cc-4cd8-9a6e-4a3c4ed06f00.txt
libical,Project: Dependency issues,https://oss-fuzz-build-logs.storage.googleapis.com/log-a3d74f9d-ce95-478b-ac27-24b5b42de0d7.txt
libidn,Not enough information,https://oss-fuzz-build-logs.storage.googleapis.com/log-0cb6933c-91e7-4e8e-8b6b-366c86b0f045.txt
libjxl,Command and argument related issues,https://oss-fuzz-build-logs.storage.googleapis.com/log-f2c8a6a9-e998-432a-af16-e209ff434fbd.txt
libldac,Coverage file and directory issues,https://oss-fuzz-build-logs.storage.googleapis.com/log-416aa43b-3d7d-40de-bf75-2ae6c04dae30.txt
libmsiecf,Corpus related issues,https://oss-fuzz-build-logs.storage.googleapis.com/log-1b4f9657-c2ac-4449-b1a5-34683be3f29a.txt
libprotobuf-mutator,Environment issue: Compiler issue,https://oss-fuzz-build-logs.storage.googleapis.com/log-097e0120-6662-4949-98ca-86cbc1cdddc1.txt
libra,Project compile error: configuration and build file issues,https://oss-fuzz-build-logs.storage.googleapis.com/log-52281a39-68d8-4e13-96f8-ab38029e9ae4.txt
libraw,Environment issue: Compiler issue,https://oss-fuzz-build-logs.storage.googleapis.com/log-d81c5d85-5304-4c1b-a1a0-9547986126c5.txt
libredwg,"Sanitizer errors: Memory Leak in the Project, Buffer-overflow, etc",https://oss-fuzz-build-logs.storage.googleapis.com/log-6d39da18-aca9-4bf8-9285-155db4d70f5d.txt
libreoffice,Environment issue: Hardware issue,https://oss-fuzz-build-logs.storage.googleapis.com/log-48bc9cc8-7bee-4319-818b-dc50115fd10d.txt
libressl,Source code related project compilation errors,https://oss-fuzz-build-logs.storage.googleapis.com/log-fd9a82be-95a1-4494-b3fa-5279066adae1.txt
libsass,Fuzzer build script issues,https://oss-fuzz-build-logs.storage.googleapis.com/log-560d1723-4b2b-48f8-a845-18d3b3c5e497.txt
libsndfile,Runtime issue while fuzzing,https://oss-fuzz-build-logs.storage.googleapis.com/log-8b858ded-5c22-41bb-a29c-debe92e07492.txt
libsodium,"Sanitizer errors: Memory Leak in the Project, Buffer-overflow, etc",https://oss-fuzz-build-logs.storage.googleapis.com/log-09617777-539e-4e28-a91d-a637ab95ec22.txt
libssh,Coverage file and directory issues,https://oss-fuzz-build-logs.storage.googleapis.com/log-3dfba57e-15d3-405a-b857-1c829de2b132.txt
libteken,Broken Fuzz target,https://oss-fuzz-build-logs.storage.googleapis.com/log-2c2d3e44-94d6-4b61-aa5e-cdb655db9443.txt
libtiff,Project: Dependency issues,https://oss-fuzz-build-logs.storage.googleapis.com/log-562697f3-b776-4a98-a581-da902bf3cd69.txt
libucl,"Sanitizer errors: Memory Leak in the Project, Buffer-overflow, etc",https://oss-fuzz-build-logs.storage.googleapis.com/log-67159bdc-1af6-42e6-821f-787e84d9f182.txt
libvpx,Project compile error: configuration and build file issues,https://oss-fuzz-build-logs.storage.googleapis.com/log-8dc0e43e-2bf1-4a87-b023-3bc9b7c1f2f8.txt
libwebp,Runtime issue while fuzzing,https://oss-fuzz-build-logs.storage.googleapis.com/log-e2ea3cee-ff96-49a1-a710-63992db4c2c4.txt
libwebsockets,Runtime issue while fuzzing,https://oss-fuzz-build-logs.storage.googleapis.com/log-c01f9d42-ae7d-48bd-8562-6284a1914217.txt
libxml2,"Sanitizer errors: Memory Leak in the Project, Buffer-overflow, etc",https://oss-fuzz-build-logs.storage.googleapis.com/log-50350e9e-c172-4db2-8e3f-a1da7945d086.txt
libzmq,Broken Fuzz target,https://oss-fuzz-build-logs.storage.googleapis.com/log-5fe8a1f0-4883-47f3-9c38-5c867d28ee45.txt
lighttpd,Command and argument related issues,https://oss-fuzz-build-logs.storage.googleapis.com/log-df81a2be-d7bc-4281-b195-d68d69800f1a.txt
linkerd2-proxy,Environment issue: Compiler issue,https://oss-fuzz-build-logs.storage.googleapis.com/log-2d3f9519-6980-4f0d-a304-7ab7fa1650a3.txt
llvm,Broken Fuzz target,https://oss-fuzz-build-logs.storage.googleapis.com/log-8cdc1a39-0b76-4f5c-9919-6189a6085cb9.txt
llvm_libcxxabi,Project: Dependency issues,https://oss-fuzz-build-logs.storage.googleapis.com/log-3fd60469-c48c-40d3-8808-c323569abace.txt
log4j2,Environment issue: Network issue,https://oss-fuzz-build-logs.storage.googleapis.com/log-a56a84e8-ced9-4bac-998f-e69c9b09353c.txt
matplotlib,Corpus related issues,https://oss-fuzz-build-logs.storage.googleapis.com/log-b95983eb-8e54-4778-ad30-ef085bda847a.txt
meshoptimizer,Coverage build environment issues,https://oss-fuzz-build-logs.storage.googleapis.com/log-75589f1f-79b0-4ea7-a422-56e6c3636a04.txt
miniz,Environment issue: Compiler issue,https://oss-fuzz-build-logs.storage.googleapis.com/log-4d736893-cb81-46f1-b0c8-7e8bbc85e17d.txt
msgpack-c,Coverage file and directory issues,https://oss-fuzz-build-logs.storage.googleapis.com/log-f0b15dfe-a076-4900-b74d-43db097d6bf0.txt
mtail,Command and argument related issues,https://oss-fuzz-build-logs.storage.googleapis.com/log-da7760a2-1ec8-4f90-8600-4c717afaf7f4.txt
nanopb,Coverage file and directory issues,https://oss-fuzz-build-logs.storage.googleapis.com/log-6a4e0127-7734-4e31-a8cd-24f34d79a177.txt
neomutt,Broken Fuzz target,https://oss-fuzz-build-logs.storage.googleapis.com/log-6ae1287e-b0c6-4046-ab3a-8567b9d914f3.txt
nestegg,Project: Dependency issues,https://oss-fuzz-build-logs.storage.googleapis.com/log-82d2d5e3-5e8f-4a61-b38d-d6bb461330cb.txt
net-snmp,Not enough information,https://oss-fuzz-build-logs.storage.googleapis.com/log-75ba88bc-8165-4037-b638-aedace3166f4.txt
netaddr-py,Corpus related issues,https://oss-fuzz-build-logs.storage.googleapis.com/log-aed021ff-e82b-4e6e-a980-59ade3d1764d.txt
nginx,Command and argument related issues,https://oss-fuzz-build-logs.storage.googleapis.com/log-911cbbfc-9ef5-4012-8285-7ab08d9605e1.txt
ngolo-fuzzing,Issue downloading external resources,https://oss-fuzz-build-logs.storage.googleapis.com/log-c1ffd8a4-0cd1-4445-a697-4a702d1db016.txt
ninja,Coverage build environment issues,https://oss-fuzz-build-logs.storage.googleapis.com/log-be7f3a2f-a52f-4841-9e8d-4394fad53c4a.txt
nodejs,Not enough information,https://oss-fuzz-build-logs.storage.googleapis.com/log-2bab5726-6d46-4530-b31b-cbde0d07d8cb.txt
nom,Environment issue: Compiler issue,https://oss-fuzz-build-logs.storage.googleapis.com/log-a338671d-9a21-43c4-82ba-078fa478dd1c.txt
nss,Not enough information,https://oss-fuzz-build-logs.storage.googleapis.com/log-9c2486bc-89bc-4727-b110-2a1e98216bc1.txt
ntp,Broken Fuzz target,https://oss-fuzz-build-logs.storage.googleapis.com/log-87d1c5ca-50e6-4091-a886-3876a6db7bf4.txt
numpy,Corpus related issues,https://oss-fuzz-build-logs.storage.googleapis.com/log-a8b01c5e-9f10-4711-b34e-8a2c39f6efa8.txt
oniguruma,Environment issue: Compiler issue,https://oss-fuzz-build-logs.storage.googleapis.com/log-f2f28300-6f48-41d1-9e59-e6c489e2ea5f.txt
opencv,Corpus related issues,https://oss-fuzz-build-logs.storage.googleapis.com/log-9b0cd275-b784-4d35-b823-2db602c23757.txt
opensips,Project: Dependency issues,https://oss-fuzz-build-logs.storage.googleapis.com/log-c81f6e93-fe54-4748-a276-93f2b42ad5a7.txt
openvpn,Command and argument related issues,https://oss-fuzz-build-logs.storage.googleapis.com/log-e94b945a-e2bb-4186-83ac-6b3fce3e21ce.txt
openvswitch,Environment issue: Compiler issue,https://oss-fuzz-build-logs.storage.googleapis.com/log-076f97ca-3015-41a0-ad36-0e10a64942e1.txt
openweave,"Sanitizer errors: Memory Leak in the Project, Buffer-overflow, etc",https://oss-fuzz-build-logs.storage.googleapis.com/log-914aaed7-9e61-4099-bc1c-7289c57ef11a.txt
opusfile,Coverage file and directory issues,https://oss-fuzz-build-logs.storage.googleapis.com/log-60eeaa77-1abb-41b5-ad22-355a8a51fbbb.txt
osgi,Corpus related issues,https://oss-fuzz-build-logs.storage.googleapis.com/log-98367fb5-c7ef-40cb-b362-f44aacd25768.txt
osquery,Environment issue: Compiler issue,https://oss-fuzz-build-logs.storage.googleapis.com/log-73dd7f35-42cf-43df-895a-864c8f0ef241.txt
ossf-scorecard,Source code related project compilation errors,https://oss-fuzz-build-logs.storage.googleapis.com/log-eccf2a6a-a286-4c88-9105-6bc2cf30d7fb.txt
ostree,miscellaneous,https://oss-fuzz-build-logs.storage.googleapis.com/log-d4693326-8dcb-4463-be30-ad13b19c5091.txt
p11-kit,Corpus related issues,https://oss-fuzz-build-logs.storage.googleapis.com/log-2747a164-c9fe-43cc-a09e-6e37ad5ae0d2.txt
pcapplusplus,Runtime issue while fuzzing,https://oss-fuzz-build-logs.storage.googleapis.com/log-b6b9eed7-57cb-4d3b-8d47-e9b5d0991ef1.txt
pcre2,Source code related project compilation errors,https://oss-fuzz-build-logs.storage.googleapis.com/log-d5d3cd6a-e76a-4423-8a73-80ba29616240.txt
perfetto,Project: Dependency issues,https://oss-fuzz-build-logs.storage.googleapis.com/log-5241ee02-e906-4cc6-a679-6adeb9dbd0cd.txt
pest,Project: Dependency issues,https://oss-fuzz-build-logs.storage.googleapis.com/log-9c7d6402-2aaa-4cb5-ae5e-a6ea74c19f12.txt
pffft,Project: Dependency issues,https://oss-fuzz-build-logs.storage.googleapis.com/log-021bafc2-4949-40cd-85e3-33b827ffdf9d.txt
phmap,Command and argument related issues,https://oss-fuzz-build-logs.storage.googleapis.com/log-e6bcf87e-912d-4d33-9f37-c4d356d72ab5.txt
picotls,Command and argument related issues,https://oss-fuzz-build-logs.storage.googleapis.com/log-fa6555bc-195f-42b4-9b72-28bd3f4208cf.txt
pillow,Project compile error: configuration and build file issues,https://oss-fuzz-build-logs.storage.googleapis.com/log-c84b5bde-c68a-42a7-b5c6-0c3198c08380.txt
pistache,Environment issue: Compiler issue,https://oss-fuzz-build-logs.storage.googleapis.com/log-824c0c4b-62a2-4f4a-b6c9-e8505b8b13a8.txt
plexus-utils,Issue downloading external resources,https://oss-fuzz-build-logs.storage.googleapis.com/log-421ae9d3-ec70-46d1-bc78-dabc29c79aaf.txt
pngquant,Command and argument related issues,https://oss-fuzz-build-logs.storage.googleapis.com/log-b144dbfb-0540-435e-8666-a100ffc6910e.txt
poco,Environment issue: Compiler issue,https://oss-fuzz-build-logs.storage.googleapis.com/log-e1220e25-01da-471b-ace3-acc4d01d8281.txt
postfix,Project: Dependency issues,https://oss-fuzz-build-logs.storage.googleapis.com/log-df3b4564-2fd4-43a4-bafa-e55eff819850.txt
postgresql,Corpus related issues,https://oss-fuzz-build-logs.storage.googleapis.com/log-b2961e00-01ab-4e7d-b9f5-853e6497a3ee.txt
proftpd,Command and argument related issues,https://oss-fuzz-build-logs.storage.googleapis.com/log-15c46c53-fe73-4413-a226-edbe3a5bbb67.txt
proj4,Runtime issue while fuzzing,https://oss-fuzz-build-logs.storage.googleapis.com/log-adb279a1-eac3-453c-b3be-9fec3381ee4b.txt
prost,Source code related project compilation errors,https://oss-fuzz-build-logs.storage.googleapis.com/log-7a26c163-9d91-445f-8642-7d6cd7853212.txt
protobuf-python,Issue downloading external resources,https://oss-fuzz-build-logs.storage.googleapis.com/log-270a45c5-edb9-4b64-b0f4-193545d9fe94.txt
psqlparse,Corpus related issues,https://oss-fuzz-build-logs.storage.googleapis.com/log-974f91dc-3deb-47e7-b72a-ea346d216b36.txt
python-email-validator,Corpus related issues,https://oss-fuzz-build-logs.storage.googleapis.com/log-0b66300e-dd12-4834-b948-79ad2bfedb9e.txt
python-lz4,Issue downloading external resources,https://oss-fuzz-build-logs.storage.googleapis.com/log-3c90e9e3-a016-4778-b438-b8e57db56e43.txt
qpid-proton,Corpus related issues,https://oss-fuzz-build-logs.storage.googleapis.com/log-8f138351-375c-41b6-84cc-c34e18b67e8a.txt
qt,Coverage file and directory issues,https://oss-fuzz-build-logs.storage.googleapis.com/log-42fefa67-c757-479e-9617-d68c31cc6d3e.txt
quick-xml,Environment issue: Compiler issue,https://oss-fuzz-build-logs.storage.googleapis.com/log-42d3cbc3-b52b-4bff-810d-4379dc8843b8.txt
resiprocate,Source code related project compilation errors,https://oss-fuzz-build-logs.storage.googleapis.com/log-c70a7f78-dc13-4eba-aab5-7e93232a3d7a.txt
ruby,Corpus related issues,https://oss-fuzz-build-logs.storage.googleapis.com/log-50469a90-2127-47fc-b0bd-2db3483527b8.txt
s2geometry,Project: Dependency issues,https://oss-fuzz-build-logs.storage.googleapis.com/log-6df8a540-7ac3-4d8e-a206-3c958e8e75c4.txt
scapy,Issue downloading external resources,https://oss-fuzz-build-logs.storage.googleapis.com/log-a248ddb8-8463-4671-a94e-79939486bbe3.txt
sentencepiece,Command and argument related issues,https://oss-fuzz-build-logs.storage.googleapis.com/log-33748fb0-e9eb-430d-b090-d008fa879d84.txt
serde-yaml,Runtime issue while fuzzing,https://oss-fuzz-build-logs.storage.googleapis.com/log-f9a15354-02de-46b0-a652-f64705ae84e1.txt
simd,Not enough information,https://oss-fuzz-build-logs.storage.googleapis.com/log-7cce78e5-32b2-433d-8182-569dd2e95508.txt
simdjson,Corpus related issues,https://oss-fuzz-build-logs.storage.googleapis.com/log-8ca0051c-22a9-42c9-8f84-47d74d5263a8.txt
smt,Project compile error: configuration and build file issues,https://oss-fuzz-build-logs.storage.googleapis.com/log-95c40ac1-fb76-461c-8ccb-3dbc3ce54b09.txt
spice-usbredir,miscellaneous,https://oss-fuzz-build-logs.storage.googleapis.com/log-34e2fae3-4098-4f4e-8bb5-2fb60163bc68.txt
spirv-tools,Environment issue: Compiler issue,https://oss-fuzz-build-logs.storage.googleapis.com/log-6ca7e1ab-f12f-400d-b24a-fff01f36e7eb.txt
spotify-json,miscellaneous,https://oss-fuzz-build-logs.storage.googleapis.com/log-3a09ef17-c960-4194-b88a-558413b4bc02.txt
sql-parser,Project: Dependency issues,https://oss-fuzz-build-logs.storage.googleapis.com/log-2618d149-c8ae-427d-99eb-9bedf9574635.txt
stringtemplate4,Issue downloading external resources,https://oss-fuzz-build-logs.storage.googleapis.com/log-4cf54224-0a5a-4e10-a5d4-f7c29141bf32.txt
strongswan,Project: Dependency issues,https://oss-fuzz-build-logs.storage.googleapis.com/log-bd170a39-0343-496d-8d6e-0ef620239aab.txt
tailscale,Project compile error: configuration and build file issues,https://oss-fuzz-build-logs.storage.googleapis.com/log-acc5c12f-f7ec-4714-af73-e21cd2470681.txt
tdengine,Project environment issue,https://oss-fuzz-build-logs.storage.googleapis.com/log-c13d6336-ef3a-4c29-9ec1-20b7b308e429.txt
teleport,Project compile error: configuration and build file issues,https://oss-fuzz-build-logs.storage.googleapis.com/log-f23fbf78-2e4e-4477-9fca-7c2db1563b82.txt
tendermint,"Sanitizer errors: Memory Leak in the Project, Buffer-overflow, etc",https://oss-fuzz-build-logs.storage.googleapis.com/log-22d58ea7-5429-4b55-b195-d699e9bf1139.txt
tensorflow,Environment issue: Hardware issue,https://oss-fuzz-build-logs.storage.googleapis.com/log-4317743e-f1c8-4569-ba2b-944317d37bc5.txt
tesseract-ocr,Runtime issue while fuzzing,https://oss-fuzz-build-logs.storage.googleapis.com/log-b3fa7e82-8b34-4bf9-8ff9-10d26be28e46.txt
thrift,Not enough information,https://oss-fuzz-build-logs.storage.googleapis.com/log-00132f97-ba34-4e95-bc29-e23319f9a27b.txt
tidy-html5,Project: Dependency issues,https://oss-fuzz-build-logs.storage.googleapis.com/log-e6528558-3051-4c58-9cef-26a9945247d3.txt
tinygltf,Corpus related issues,https://oss-fuzz-build-logs.storage.googleapis.com/log-cc29b27b-cb56-4eb4-83d4-3242ceadb538.txt
ujson,Issue downloading external resources,https://oss-fuzz-build-logs.storage.googleapis.com/log-3a2de647-7939-4304-bbea-1abec5e956dd.txt
unicode-rs,Environment issue: Compiler issue,https://oss-fuzz-build-logs.storage.googleapis.com/log-b5cb2e27-4f3e-4220-84be-5037c9d8023b.txt
uriparser,Command and argument related issues,https://oss-fuzz-build-logs.storage.googleapis.com/log-df0b4060-52eb-4218-aad6-76475bec2ddd.txt
utf8proc,Command and argument related issues,https://oss-fuzz-build-logs.storage.googleapis.com/log-18e0077a-2054-446b-b10c-c0d6503b38ac.txt
vlc,miscellaneous,https://oss-fuzz-build-logs.storage.googleapis.com/log-70e494cb-c70d-4dcf-900f-1b08cf7af83e.txt
vorbis,Runtime issue while fuzzing,https://oss-fuzz-build-logs.storage.googleapis.com/log-3b948178-f6b7-4a7f-963c-8af89bb7cea3.txt
wasm3,Runtime issue while fuzzing,https://oss-fuzz-build-logs.storage.googleapis.com/log-0acdb22a-9cda-4e58-ac13-25ddc91f4c39.txt
wasmtime,Project: Dependency issues,https://oss-fuzz-build-logs.storage.googleapis.com/log-5b59571b-48da-4409-90dc-a4292521a95e.txt
wolfmqtt,"Sanitizer errors: Memory Leak in the Project, Buffer-overflow, etc",https://oss-fuzz-build-logs.storage.googleapis.com/log-bc144e55-72fd-4b11-a441-cec90f231760.txt
wpantund,Environment issue: Compiler issue,https://oss-fuzz-build-logs.storage.googleapis.com/log-2a993e85-95e2-4957-bdbd-23230b753d04.txt
wxwidgets,Command and argument related issues,https://oss-fuzz-build-logs.storage.googleapis.com/log-5c5bf476-70c5-42e5-b515-6d2312cf09c9.txt
xmlsec,Environment issue: Compiler issue,https://oss-fuzz-build-logs.storage.googleapis.com/log-1f882dad-5e69-4de7-a698-1e6e2eaa30d0.txt
xstream,Issue downloading external resources,https://oss-fuzz-build-logs.storage.googleapis.com/log-6ef9e963-e649-4dde-9b51-d8930ed231dd.txt
xz,Runtime issue while fuzzing,https://oss-fuzz-build-logs.storage.googleapis.com/log-013056b1-eb9a-4340-821f-5b56fe28d6d3.txt
yajl-ruby,Project: Dependency issues,https://oss-fuzz-build-logs.storage.googleapis.com/log-2ecab567-00e8-4cb4-acf4-e7d8e9b84754.txt
zeek,Project: Missing source code files,https://oss-fuzz-build-logs.storage.googleapis.com/log-19850b87-3fa5-456d-a2f6-ca3c04e98658.txt
zip-rs,Project: Dependency issues,https://oss-fuzz-build-logs.storage.googleapis.com/log-4fc7d966-3cf7-44a9-be04-94bf51faba91.txt
zopfli,Project: Dependency issues,https://oss-fuzz-build-logs.storage.googleapis.com/log-6aa5c33d-fa05-4356-ab53-a8d23be4d14e.txt
gdk-pixbuf,Project: Dependency issues,https://oss-fuzz-build-logs.storage.googleapis.com/log-67c400d6-e07e-4db2-8485-289495af7014.txt
git,Project: Dependency issues,https://oss-fuzz-build-logs.storage.googleapis.com/log-e5b805f9-28d1-4ba6-aaf4-b5ea97a4bc00.txt
glib,"Sanitizer errors: Memory Leak in the Project, Buffer-overflow, etc",https://oss-fuzz-build-logs.storage.googleapis.com/log-6f144af1-1aac-4e14-ad37-e9657cb90365.txt
glom,Corpus related issues,https://oss-fuzz-build-logs.storage.googleapis.com/log-4efde189-4445-43b8-9019-ef1b104f85da.txt
go-ethereum,Issue downloading external resources,https://oss-fuzz-build-logs.storage.googleapis.com/log-a6f39fb8-d6d6-428b-af6d-b1db0d6c9b15.txt
go-redis,Environment issue: Hardware issue,https://oss-fuzz-build-logs.storage.googleapis.com/log-1757c776-358b-41ea-9dbd-f47800382a1d.txt
golang-protobuf,Project: Dependency issues,https://oss-fuzz-build-logs.storage.googleapis.com/log-57034859-817c-493f-9ae3-36a4942e7bfd.txt
graphicsfuzz-spirv,Source code related project compilation errors,https://oss-fuzz-build-logs.storage.googleapis.com/log-f2ad1295-e7ee-4554-9060-15e14d29bf8b.txt
groovy,Corpus related issues,https://oss-fuzz-build-logs.storage.googleapis.com/log-115b36a5-db73-4485-9699-27ef932ab80d.txt
grpc,Environment issue: Network issue,https://oss-fuzz-build-logs.storage.googleapis.com/log-b93fa058-0b5c-4a03-b5d8-b0ab8e9ecd65.txt
grpc-gateway,Corpus related issues,https://oss-fuzz-build-logs.storage.googleapis.com/log-8ac6b5d9-42ab-45e5-a7dc-8c8d385b6cbe.txt
grpc-go,miscellaneous,https://oss-fuzz-build-logs.storage.googleapis.com/log-d0e5b530-d4fd-4d43-8553-6f09e35e947b.txt
gstreamer,Coverage build environment issues,https://oss-fuzz-build-logs.storage.googleapis.com/log-8df8bfb3-f333-40ba-b55d-32c0cb6284b8.txt
guetzli,Project: Dependency issues,https://oss-fuzz-build-logs.storage.googleapis.com/log-a9fa5e97-771f-4997-9903-96c10a3103ff.txt
gvisor,Issue downloading external resources,https://oss-fuzz-build-logs.storage.googleapis.com/log-c0fb803b-a17a-4b53-b9a6-15cf9bc6ee32.txt
h3,Broken Fuzz target,https://oss-fuzz-build-logs.storage.googleapis.com/log-c0351f55-27e8-4834-a05b-2b196d284482.txt
hcl,Issue downloading external resources,https://oss-fuzz-build-logs.storage.googleapis.com/log-779ac250-2fae-4557-a85d-6f63abbcff4f.txt
hibernate-orm,Project: Dependency issues,https://oss-fuzz-build-logs.storage.googleapis.com/log-3239a410-182e-4595-875e-52ce9960009c.txt
hiredis,Coverage build environment issues,https://oss-fuzz-build-logs.storage.googleapis.com/log-bd2d478d-408c-42cb-b987-eddb614135cc.txt
hoextdown,Corpus related issues,https://oss-fuzz-build-logs.storage.googleapis.com/log-8ca66e90-6375-4eb3-b6f4-63406b7d8a60.txt
httpcomponents-client,Issue downloading external resources,https://oss-fuzz-build-logs.storage.googleapis.com/log-d74da110-6491-49c1-a745-b66dcc4541fa.txt
ibmswtpm2,Source code related project compilation errors,https://oss-fuzz-build-logs.storage.googleapis.com/log-5312a455-3523-4b9d-9da4-a7df20f9f36f.txt
icu,Command and argument related issues,https://oss-fuzz-build-logs.storage.googleapis.com/log-4eb512e9-bb0a-4186-9914-8544efd892dd.txt
idna,Corpus related issues,https://oss-fuzz-build-logs.storage.googleapis.com/log-f3d7f9dc-7dc9-49d2-95a2-5cd555fde5dc.txt
imageio,Broken Fuzz target,https://oss-fuzz-build-logs.storage.googleapis.com/log-c232a7a3-0a57-434c-8c3f-71a5c04e0993.txt
ipython,Issue downloading external resources,https://oss-fuzz-build-logs.storage.googleapis.com/log-898926f6-6d81-473b-b70a-1cae2f202a49.txt
iroha,Source code related project compilation errors,https://oss-fuzz-build-logs.storage.googleapis.com/log-8345e51b-ff91-4b88-bcc6-d4ab7919ec96.txt
istio,Missing fuzz target,https://oss-fuzz-build-logs.storage.googleapis.com/log-c53bd3c9-563a-4907-8dcb-f7203bf90a9b.txt
janet,Source code related project compilation errors,https://oss-fuzz-build-logs.storage.googleapis.com/log-8a66f338-c009-4daa-a592-d0dbe2aa6c50.txt
jansson,Environment issue: Compiler issue,https://oss-fuzz-build-logs.storage.googleapis.com/log-680e50ae-88f6-4633-8f34-3994feaa00b2.txt
janus-gateway,Fuzzer build script issues,https://oss-fuzz-build-logs.storage.googleapis.com/log-88c48cb1-f290-4e7b-a780-7003b6d63536.txt
java-example,Project: Dependency issues,https://oss-fuzz-build-logs.storage.googleapis.com/log-9c7f78ea-95ef-499b-8c5d-a7279a09dfc7.txt
jbig2dec,Environment issue: Compiler issue,https://oss-fuzz-build-logs.storage.googleapis.com/log-9455191e-baab-47b3-ac5b-282c276315ec.txt
jettison,Issue downloading external resources,https://oss-fuzz-build-logs.storage.googleapis.com/log-618a6c1a-3030-43c2-ad69-b62cc925e67e.txt
jetty,Issue downloading external resources,https://oss-fuzz-build-logs.storage.googleapis.com/log-775bf86b-ee23-4036-8b2e-2a1d090f0073.txt
jsign,Issue downloading external resources,https://oss-fuzz-build-logs.storage.googleapis.com/log-59b744f5-0b36-4992-bdce-30a198f0da90.txt
json,Coverage file and directory issues,https://oss-fuzz-build-logs.storage.googleapis.com/log-c96d0abe-5506-4709-9df6-4663ba6604d9.txt
json-java,Issue downloading external resources,https://oss-fuzz-build-logs.storage.googleapis.com/log-e564992c-c40b-4bba-a8e6-b15dfdce642c.txt
json-patch,Project compile error: configuration and build file issues,https://oss-fuzz-build-logs.storage.googleapis.com/log-2cfade1c-8608-400b-971f-5dadbfaed6a5.txt
juju,Issue downloading external resources,https://oss-fuzz-build-logs.storage.googleapis.com/log-292ce6ba-e9cf-4e3b-b8cf-9c128991a854.txt
jul-to-slf4j,Issue downloading external resources,https://oss-fuzz-build-logs.storage.googleapis.com/log-8c56552a-6357-4f35-bfc7-f3e5c162c128.txt
kamailio,Command and argument related issues,https://oss-fuzz-build-logs.storage.googleapis.com/log-8ff36ad7-b6c8-4cd9-811f-0aaa8d40037c.txt
karchive,Source code related project compilation errors,https://oss-fuzz-build-logs.storage.googleapis.com/log-987082d8-7bf4-486b-9ccf-fc6f957d0ada.txt
keystone,Command and argument related issues,https://oss-fuzz-build-logs.storage.googleapis.com/log-6826b9e2-e209-4053-b726-1b06157cc06c.txt
kimageformats,Project: Dependency issues,https://oss-fuzz-build-logs.storage.googleapis.com/log-b50e7738-a4a0-46ef-95bb-88a6138ce3e7.txt
kiwisolver,Corpus related issues,https://oss-fuzz-build-logs.storage.googleapis.com/log-acb0aa94-810d-418a-ac26-0be0266b545f.txt
kryo,Issue downloading external resources,https://oss-fuzz-build-logs.storage.googleapis.com/log-e8d93e9b-450f-455a-891e-e5009e97c00f.txt
libass,Project environment issue,https://oss-fuzz-build-logs.storage.googleapis.com/log-4be2dac1-138d-446d-bcc7-c61075b2e764.txt
libavif,Source code related project compilation errors,https://oss-fuzz-build-logs.storage.googleapis.com/log-0c2e0b29-07c0-4b38-8933-79489f5f6d79.txt
libchewing,Broken Fuzz target,https://oss-fuzz-build-logs.storage.googleapis.com/log-63e103e7-8e50-4072-97cd-6c3650558b37.txt
libevtx,Corpus related issues,https://oss-fuzz-build-logs.storage.googleapis.com/log-5f919aff-6709-4a92-b0f7-ebb6db0b1021.txt
libgd,Runtime issue while fuzzing,https://oss-fuzz-build-logs.storage.googleapis.com/log-4b0dcbfe-252f-4dce-9d45-e861bdcd58ed.txt
libheif,Environment issue: Compiler issue,https://oss-fuzz-build-logs.storage.googleapis.com/log-11403ecf-c3b8-45ac-9a65-a9e7abfb3f20.txt
libhevc,Runtime issue while fuzzing,https://oss-fuzz-build-logs.storage.googleapis.com/log-01f733b1-4258-4362-9f78-7aae1f60a3ac.txt
libmodbus,Corpus related issues,https://oss-fuzz-build-logs.storage.googleapis.com/log-6a2c391e-b7d1-4ee0-b31f-12a1aa2633ef.txt
libpcap,Runtime issue while fuzzing,https://oss-fuzz-build-logs.storage.googleapis.com/log-7de66b7e-f8d8-499a-94cc-31c21ea08caa.txt
libpg_query,Project: Dependency issues,https://oss-fuzz-build-logs.storage.googleapis.com/log-613ac25c-ef3e-4c37-a1ff-902ffa538957.txt
librawspeed,Coverage build environment issues,https://oss-fuzz-build-logs.storage.googleapis.com/log-0d53013f-104c-47c8-8745-2d6f1d266f77.txt
libspng,Project compile error: configuration and build file issues,https://oss-fuzz-build-logs.storage.googleapis.com/log-fdf0be91-8805-4d90-af10-b45cc6e3bb4b.txt
libsrtp,Runtime issue while fuzzing,https://oss-fuzz-build-logs.storage.googleapis.com/log-eb5f7499-be21-4966-859a-42f72c072320.txt
libssh2,Environment issue: Compiler issue,https://oss-fuzz-build-logs.storage.googleapis.com/log-0b04a67e-e089-4164-8867-e8724e053f44.txt
libtasn1,Environment issue: Compiler issue,https://oss-fuzz-build-logs.storage.googleapis.com/log-43092c03-9831-4109-8dc6-4355997dc0cc.txt
libtorrent,Not enough information,https://oss-fuzz-build-logs.storage.googleapis.com/log-9e125847-1182-4dff-8b77-4b452db9bff8.txt
libtsm,Corpus related issues,https://oss-fuzz-build-logs.storage.googleapis.com/log-f02bbf0f-cd92-41f8-a84c-c3d8bfe27e02.txt
libvips,Coverage file and directory issues,https://oss-fuzz-build-logs.storage.googleapis.com/log-2362abbd-90a4-4432-8ffa-a54ee92ee9db.txt
libxslt,Runtime issue while fuzzing,https://oss-fuzz-build-logs.storage.googleapis.com/log-daff73ce-19ba-4dd0-987a-719165445091.txt
libyal,Project environment issue,https://oss-fuzz-build-logs.storage.googleapis.com/log-4cb0b8df-4f9d-4dc1-90cb-b953e5c19df9.txt
linkerd2,Source code related project compilation errors,https://oss-fuzz-build-logs.storage.googleapis.com/log-1de40c7d-b9f6-41bf-90e4-b27db6dab468.txt
lldb-eval,Environment issue: Compiler issue,https://oss-fuzz-build-logs.storage.googleapis.com/log-1cd67461-a3a7-44c5-9cbf-4aa4ee4c62c9.txt
logback,Issue downloading external resources,https://oss-fuzz-build-logs.storage.googleapis.com/log-f62af085-1f42-4135-aa59-0c3987aa11ee.txt
loki,Issue downloading external resources,https://oss-fuzz-build-logs.storage.googleapis.com/log-8e68518e-f70c-47e5-b447-eb195fdb4c05.txt
looker-sdk,Corpus related issues,https://oss-fuzz-build-logs.storage.googleapis.com/log-216b212a-0c18-4b4c-95f8-4a67a5f0cbea.txt
lua,Coverage build environment issues,https://oss-fuzz-build-logs.storage.googleapis.com/log-50a7ab1b-eda5-43c2-a718-3a1247a1a9f0.txt
lxc,Environment issue: Compiler issue,https://oss-fuzz-build-logs.storage.googleapis.com/log-ed536d5c-4e27-4659-841e-33f9296255f9.txt
lxml,Issue downloading external resources,https://oss-fuzz-build-logs.storage.googleapis.com/log-23742700-e9f9-4d22-ab50-361fa43e389f.txt
matio,Broken Fuzz target,https://oss-fuzz-build-logs.storage.googleapis.com/log-bfd28db2-cf7e-48e4-92d8-76c613d97312.txt
mbedtls,Project: Dependency issues,https://oss-fuzz-build-logs.storage.googleapis.com/log-e0dd9fdd-1c7d-4e1b-814d-e158f09de047.txt
mercurial,Project: Dependency issues,https://oss-fuzz-build-logs.storage.googleapis.com/log-6452714a-8bd0-4bec-b5da-3cde3ac05a25.txt
minizip,Project: Dependency issues,https://oss-fuzz-build-logs.storage.googleapis.com/log-6ebcc69b-345d-48fd-af56-1c8af1e604ce.txt
monero,Coverage file and directory issues,https://oss-fuzz-build-logs.storage.googleapis.com/log-20c30d19-cafb-4a6e-9a22-8a9249b517de.txt
mongoose,Broken Fuzz target,https://oss-fuzz-build-logs.storage.googleapis.com/log-3ca66ccf-7555-4e09-b402-3c08c432be5f.txt
muparser,Environment issue: Compiler issue,https://oss-fuzz-build-logs.storage.googleapis.com/log-1f0ec859-0ba0-4450-84c2-05798740e86b.txt
mupdf,Not enough information,https://oss-fuzz-build-logs.storage.googleapis.com/log-e5d1fbf4-bc5a-4aea-912e-7d0a52024999.txt
mxj,Corpus related issues,https://oss-fuzz-build-logs.storage.googleapis.com/log-44d3b2ac-c062-4642-9816-489a5b9b7f2f.txt
myanmar-tools,Project: Dependency issues,https://oss-fuzz-build-logs.storage.googleapis.com/log-a77938db-e5b9-4ba1-bb0a-302dc1777ca2.txt
mysql-server,Not enough information,https://oss-fuzz-build-logs.storage.googleapis.com/log-3b76a502-f107-45fc-a9f6-b9c0b7f35d31.txt
nats,Project compile error: configuration and build file issues,https://oss-fuzz-build-logs.storage.googleapis.com/log-fcb00ccd-0006-4c94-8e0d-ff060524ff69.txt
netcdf,Runtime issue while fuzzing,https://oss-fuzz-build-logs.storage.googleapis.com/log-dc171204-c921-43e7-9e85-bc02f84ddf89.txt
nettle,Source code related project compilation errors,https://oss-fuzz-build-logs.storage.googleapis.com/log-e936ebd2-f210-4691-9c34-56f1489300d7.txt
nghttp2,Environment issue: Compiler issue,https://oss-fuzz-build-logs.storage.googleapis.com/log-050a1c81-0a3f-40da-b439-f93585319b4b.txt
num-bigint,Not enough information,https://oss-fuzz-build-logs.storage.googleapis.com/log-d7e282f7-e8a0-4061-a2fa-9bc76c6d8b85.txt
oak,Environment issue: Compiler issue,https://oss-fuzz-build-logs.storage.googleapis.com/log-0766e695-4700-4eff-9cf5-6f2474727dec.txt
oatpp,Coverage build environment issues,https://oss-fuzz-build-logs.storage.googleapis.com/log-7eae5658-c4fd-482b-bde2-858534aaf087.txt
olefile,Corpus related issues,https://oss-fuzz-build-logs.storage.googleapis.com/log-37815ca6-063c-423e-8d6c-bf73f700dfaa.txt
open62541,Broken Fuzz target,https://oss-fuzz-build-logs.storage.googleapis.com/log-7bead480-ae4f-4168-a724-a94052c8cbc6.txt
openbabel,Environment issue: Compiler issue,https://oss-fuzz-build-logs.storage.googleapis.com/log-7ac0bbd7-445c-46b9-a742-8a9dc17f7e09.txt
opencensus-cpp,Not enough information,https://oss-fuzz-build-logs.storage.googleapis.com/log-a4bfd512-2948-4213-a6df-5a39126cd0c4.txt
openh264,Corpus related issues,https://oss-fuzz-build-logs.storage.googleapis.com/log-9cb0f723-c33d-477e-b988-3eeeffca0c3b.txt
opensc,"Sanitizer errors: Memory Leak in the Project, Buffer-overflow, etc",https://oss-fuzz-build-logs.storage.googleapis.com/log-2c66f1ec-651f-44d6-8aaf-b486d654f268.txt
opensk,Environment issue: Compiler issue,https://oss-fuzz-build-logs.storage.googleapis.com/log-ce95306c-e882-4e09-afb6-4f08819042fa.txt
openssl,Not enough information,https://oss-fuzz-build-logs.storage.googleapis.com/log-86f6d626-2cc4-4c46-8cbf-5de669ab070b.txt
opus,Runtime issue while fuzzing,https://oss-fuzz-build-logs.storage.googleapis.com/log-8357b606-fd2d-4045-8f03-ff993266f616.txt
p9,Project: Missing source code files,https://oss-fuzz-build-logs.storage.googleapis.com/log-d16d5c1e-db76-4a77-8121-9536470e1b73.txt
pcl,Runtime issue while fuzzing,https://oss-fuzz-build-logs.storage.googleapis.com/log-738cea87-b428-4504-9975-902ddf2d2e84.txt
php,"Sanitizer errors: Memory Leak in the Project, Buffer-overflow, etc",https://oss-fuzz-build-logs.storage.googleapis.com/log-f315d3e3-be1b-431a-8149-b283eea5d71d.txt
pidgin,Project: Dependency issues,https://oss-fuzz-build-logs.storage.googleapis.com/log-c808e79b-a5ae-4663-8f43-404b0f96e749.txt
piex,Runtime issue while fuzzing,https://oss-fuzz-build-logs.storage.googleapis.com/log-f815cb24-73d1-4415-a3ab-fb506ed0dda3.txt
poppler,Environment issue: Network issue,https://oss-fuzz-build-logs.storage.googleapis.com/log-202cd1bc-a123-4afb-92b1-96250cac17d5.txt
postgis,Corpus related issues,https://oss-fuzz-build-logs.storage.googleapis.com/log-151359b1-3880-450f-9564-8672356ff3c7.txt
prometheus,Corpus related issues,https://oss-fuzz-build-logs.storage.googleapis.com/log-ece00053-b4de-46d0-94bf-3495f5d7e6d8.txt
protobuf-c,Source code related project compilation errors,https://oss-fuzz-build-logs.storage.googleapis.com/log-4d97fd4d-cc5a-43ed-8403-e5c2df1aa289.txt
protoreflect,Issue downloading external resources,https://oss-fuzz-build-logs.storage.googleapis.com/log-d7c771ab-baa1-4374-828c-592fa4bbd86d.txt
proxygen,Broken Fuzz target,https://oss-fuzz-build-logs.storage.googleapis.com/log-2bdece02-8eb7-4c21-a6bb-8b733c74d23b.txt
pycryptodome,Project: Dependency issues,https://oss-fuzz-build-logs.storage.googleapis.com/log-ff67e163-6ce5-4ce9-813b-4908bf6b831e.txt
pyodbc,Corpus related issues,https://oss-fuzz-build-logs.storage.googleapis.com/log-59f9df19-7f37-4cd2-a9ab-344aa2c4807a.txt
pyparsing,Corpus related issues,https://oss-fuzz-build-logs.storage.googleapis.com/log-cdf134c9-d401-45ea-becc-be6f5888b4df.txt
pyrsistent,Corpus related issues,https://oss-fuzz-build-logs.storage.googleapis.com/log-76359392-59ad-4c86-a323-db91540662d7.txt
python-rsa,Runtime issue while fuzzing,https://oss-fuzz-build-logs.storage.googleapis.com/log-2408eaea-410e-4a0b-8aff-0143e3f543cf.txt
pyyaml,Issue downloading external resources,https://oss-fuzz-build-logs.storage.googleapis.com/log-8be04fc9-393c-4474-b1d1-957b2807e2f0.txt
qemu,Corpus related issues,https://oss-fuzz-build-logs.storage.googleapis.com/log-e7ae5a55-7890-4dc5-b304-a4fed80f402a.txt
qpdf,Coverage build environment issues,https://oss-fuzz-build-logs.storage.googleapis.com/log-046d14d0-a1e3-46e9-8525-5484643d24e5.txt
quickjs,Coverage build environment issues,https://oss-fuzz-build-logs.storage.googleapis.com/log-98471653-4217-4220-bccf-b4b5c48d3366.txt
radare2,Project: Missing source code files,https://oss-fuzz-build-logs.storage.googleapis.com/log-7b55aa0e-053d-495f-824f-01e78cccb317.txt
readstat,Corpus related issues,https://oss-fuzz-build-logs.storage.googleapis.com/log-3c3ccd24-8077-4a95-b6ee-125df6729a8a.txt
relic,Source code related project compilation errors,https://oss-fuzz-build-logs.storage.googleapis.com/log-e3b70062-d246-4af7-bc58-7836e9b41321.txt
retrofit,Issue downloading external resources,https://oss-fuzz-build-logs.storage.googleapis.com/log-a4590ba5-97e5-453e-aa64-e18415d44e22.txt
rocksdb,Command and argument related issues,https://oss-fuzz-build-logs.storage.googleapis.com/log-3cacab06-5bf6-460c-9a7d-f6df62821958.txt
runc,Project compile error: configuration and build file issues,https://oss-fuzz-build-logs.storage.googleapis.com/log-fb7452e7-2ef2-4c40-ac39-ed9955e6446a.txt
rustcrypto,Source code related project compilation errors,https://oss-fuzz-build-logs.storage.googleapis.com/log-8b79455d-fab4-45d5-8744-eaca34b9975b.txt
s2opc,"Sanitizer errors: Memory Leak in the Project, Buffer-overflow, etc",https://oss-fuzz-build-logs.storage.googleapis.com/log-391ed585-c110-4921-8f67-d654e70e99c6.txt
samba,Corpus related issues,https://oss-fuzz-build-logs.storage.googleapis.com/log-37e706bb-b077-4c24-8f9d-916e5fdccba2.txt
scorecard-web,Corpus related issues,https://oss-fuzz-build-logs.storage.googleapis.com/log-af16bdd3-c46f-4f88-9867-bfff8abbe032.txt
serenity,Coverage build environment issues,https://oss-fuzz-build-logs.storage.googleapis.com/log-43d05fec-a1f6-43c2-8eb1-11e577de09fe.txt
servo,Runtime issue while fuzzing,https://oss-fuzz-build-logs.storage.googleapis.com/log-7b6bd472-66fa-415d-8043-a70ca5d38d23.txt
servo-core,Issue downloading external resources,https://oss-fuzz-build-logs.storage.googleapis.com/log-7f90ff3f-4426-46d8-a546-c1b179b30c7a.txt
sigstore,Issue downloading external resources,https://oss-fuzz-build-logs.storage.googleapis.com/log-6dd160d9-dd33-412f-a2df-7b851799e59a.txt
skia,Not enough information,https://oss-fuzz-build-logs.storage.googleapis.com/log-e1b48bab-3a4e-4ded-9e87-bb0a1d31087b.txt
sleuthkit,Environment issue: Network issue,https://oss-fuzz-build-logs.storage.googleapis.com/log-41d1fe98-6dcd-4c0a-91df-23b2e0d212a9.txt
slf4j-api,Issue downloading external resources,https://oss-fuzz-build-logs.storage.googleapis.com/log-0adc4dd0-662f-4288-8948-2ad71fff05d0.txt
snappy,Project compile error: configuration and build file issues,https://oss-fuzz-build-logs.storage.googleapis.com/log-27ea4eff-c085-4aab-be80-6b81d9e643eb.txt
sound-open-firmware,Source code related project compilation errors,https://oss-fuzz-build-logs.storage.googleapis.com/log-1a680875-4b82-4bc3-a897-a93505704c9e.txt
spanner_emulator,Coverage file and directory issues,https://oss-fuzz-build-logs.storage.googleapis.com/log-2bd673a2-8fd7-4c15-bfaa-b5899f610eba.txt
spdlog,Project compile error: configuration and build file issues,https://oss-fuzz-build-logs.storage.googleapis.com/log-055a61b0-43d0-4039-ac9d-617469032bc2.txt
speex,Runtime issue while fuzzing,https://oss-fuzz-build-logs.storage.googleapis.com/log-c3e5279f-1e6c-4dd3-bb5f-48380fc47b02.txt
spidermonkey-ufi,Corpus related issues,https://oss-fuzz-build-logs.storage.googleapis.com/log-863ae954-7455-4618-b6c6-b8103e096abf.txt
spring-framework,Corpus related issues,https://oss-fuzz-build-logs.storage.googleapis.com/log-5524095d-da6e-4837-bf01-df3280a2568f.txt
sqlalchemy,Issue downloading external resources,https://oss-fuzz-build-logs.storage.googleapis.com/log-1101a9bd-23a3-4e55-a3de-7c2d5484d4ac.txt
stb,Command and argument related issues,https://oss-fuzz-build-logs.storage.googleapis.com/log-1aa38538-c525-46db-ae49-d3658edd9cd3.txt
swift-protobuf,Environment issue: Compiler issue,https://oss-fuzz-build-logs.storage.googleapis.com/log-2f8fbfc6-ada6-43b3-9849-4929669caeaa.txt
tcmalloc,Source code related project compilation errors,https://oss-fuzz-build-logs.storage.googleapis.com/log-cefae918-fc4c-49d0-8505-101911429d6f.txt
tensorflow-py,Issue downloading external resources,https://oss-fuzz-build-logs.storage.googleapis.com/log-edd94cc6-f55c-4929-9058-dfe0f286e524.txt
testing-native-go-fuzzing,Source code related project compilation errors,https://oss-fuzz-build-logs.storage.googleapis.com/log-d6bbecac-a1ab-4acf-9e28-320feb2eef74.txt
tomcat,Issue downloading external resources,https://oss-fuzz-build-logs.storage.googleapis.com/log-8a77e85b-1fe8-4b9a-9aee-21e5e3250c7d.txt
tor,Project: Dependency issues,https://oss-fuzz-build-logs.storage.googleapis.com/log-fab06163-c40c-480f-9bfd-ef4d7f3bf8e2.txt
tpm2-tss,Project environment issue,https://oss-fuzz-build-logs.storage.googleapis.com/log-e6e08af8-7b94-475f-be3d-2669c3da123b.txt
unbound,Source code related project compilation errors,https://oss-fuzz-build-logs.storage.googleapis.com/log-bd4b4a6f-25c1-43fd-b64f-8a538e108634.txt
unicorn,Runtime issue while fuzzing,https://oss-fuzz-build-logs.storage.googleapis.com/log-16fbb939-915f-4d84-ac5f-ed89e1d82fa4.txt
upb,Not enough information,https://oss-fuzz-build-logs.storage.googleapis.com/log-dcaf4194-6f4a-476a-b2cb-33df94277764.txt
usbguard,Runtime issue while fuzzing,https://oss-fuzz-build-logs.storage.googleapis.com/log-911df83f-5b59-4177-8e7c-723a43dbfc45.txt
util-linux,Coverage file and directory issues,https://oss-fuzz-build-logs.storage.googleapis.com/log-6a719122-5928-4949-907e-ea4e25640bb6.txt
uwebsockets,Project: Dependency issues,https://oss-fuzz-build-logs.storage.googleapis.com/log-59717144-c1ac-47a5-96f9-9580039f90c1.txt
varnish,Project: Missing source code files,https://oss-fuzz-build-logs.storage.googleapis.com/log-7b642282-8921-4adc-bec3-fe90f1ff2a1f.txt
w3m,Coverage build environment issues,https://oss-fuzz-build-logs.storage.googleapis.com/log-d7a2f9c6-aa76-44d3-a42c-b693f95f8809.txt
wavpack,Command and argument related issues,https://oss-fuzz-build-logs.storage.googleapis.com/log-a50442e8-af8f-499c-bb9d-6a440cedd90f.txt
wazuh,Command and argument related issues,https://oss-fuzz-build-logs.storage.googleapis.com/log-eb3c7db7-3d1e-480a-b8d4-48da0d575cec.txt
wget,Environment issue: Compiler issue,https://oss-fuzz-build-logs.storage.googleapis.com/log-950d1327-587f-47a9-9455-d7d132809f6c.txt
wireshark,Project: Dependency issues,https://oss-fuzz-build-logs.storage.googleapis.com/log-c6d50a8b-c951-4a67-a53f-0f263c2cde93.txt
woff2,Project: Dependency issues,https://oss-fuzz-build-logs.storage.googleapis.com/log-39dab1b8-9a55-417d-89b3-f67903ddf1dc.txt
woodstox,Issue downloading external resources,https://oss-fuzz-build-logs.storage.googleapis.com/log-4dbf261d-b504-4820-91a6-876f6cfa822a.txt
wuffs,Command and argument related issues,https://oss-fuzz-build-logs.storage.googleapis.com/log-4b8439f3-a303-45e1-9815-13b881c1aaf4.txt
xlrd,Corpus related issues,https://oss-fuzz-build-logs.storage.googleapis.com/log-3b29d48f-2756-4db6-a871-94db1966653e.txt
xmlpull,Corpus related issues,https://oss-fuzz-build-logs.storage.googleapis.com/log-099c8d40-de3f-4bc2-9ce8-407b38676c9b.txt
xvid,Corpus related issues,https://oss-fuzz-build-logs.storage.googleapis.com/log-bc60f7b5-54aa-4b09-b7d5-9add978bebb6.txt
znc,Command and argument related issues,https://oss-fuzz-build-logs.storage.googleapis.com/log-10073fc6-abaf-483f-80b5-239eae87514e.txt
zxing,Issue downloading external resources,https://oss-fuzz-build-logs.storage.googleapis.com/log-6157c054-1a05-4f44-a21a-6e27e4637292.txt
zydis,Environment issue: Compiler issue,https://oss-fuzz-build-logs.storage.googleapis.com/log-02212294-1504-4b0b-8ef2-95fb84cfbbac.txt
abseil-cpp,Broken Fuzz target,https://oss-fuzz-build-logs.storage.googleapis.com/log-14231b46-1e34-4d7f-97a6-e04bdff2eda4.txt
antlr4-java,Issue downloading external resources,https://oss-fuzz-build-logs.storage.googleapis.com/log-a602a743-e144-4171-a925-599f1091a6c2.txt
apache-commons-collections,Issue downloading external resources,https://oss-fuzz-build-logs.storage.googleapis.com/log-03031d0a-1d5c-4b07-8e05-15b3a1ce13d5.txt
apache-commons-logging,Corpus related issues,https://oss-fuzz-build-logs.storage.googleapis.com/log-0a647fdd-97f0-4ce9-800f-03af6bb19ef2.txt
aiohttp,Issue downloading external resources,https://oss-fuzz-build-logs.storage.googleapis.com/log-da49fb2c-4177-4633-9bc7-745f99ee094c.txt
aosp,Not enough information,https://oss-fuzz-build-logs.storage.googleapis.com/log-11e51905-58ce-4f48-9253-a344a48285ec.txt
apache-commons-configuration,Issue downloading external resources,https://oss-fuzz-build-logs.storage.googleapis.com/log-49d6948c-63d3-4ea9-9e0f-ebc97d364370.txt
apache-httpd,Project: Dependency issues,https://oss-fuzz-build-logs.storage.googleapis.com/log-2c1174ba-0fc3-44ea-8eba-4537f9b3ea61.txt
airflow,Corpus related issues,https://oss-fuzz-build-logs.storage.googleapis.com/log-a79bbf95-41cc-4856-8de1-c0749d622f70.txt
apache-commons,Source code related project compilation errors,https://oss-fuzz-build-logs.storage.googleapis.com/log-8e6201ac-dcfe-44e8-89d8-b814d17e1408.txt
apache-commons-io,Issue downloading external resources,https://oss-fuzz-build-logs.storage.googleapis.com/log-c18853d3-cb7a-4905-a661-3a8adff4bdc9.txt
archaius-core,Issue downloading external resources,https://oss-fuzz-build-logs.storage.googleapis.com/log-01e0b383-f4ed-4e4c-b9de-56edf34b9b02.txt
alembic,Coverage build environment issues,https://oss-fuzz-build-logs.storage.googleapis.com/log-97dbd581-88d0-48fa-a497-b0905a426efe.txt
apache-commons-cli,Issue downloading external resources,https://oss-fuzz-build-logs.storage.googleapis.com/log-5548595d-67dc-47b0-97ba-0618c0d0323a.txt
apache-commons-jxpath,Issue downloading external resources,https://oss-fuzz-build-logs.storage.googleapis.com/log-83949bb6-83b3-41f4-9b27-ebb23b348e77.txt
arduinojson,Command and argument related issues,https://oss-fuzz-build-logs.storage.googleapis.com/log-304437bd-130d-4a63-8b9a-a3c2b8c91ff4.txt
ansible,Corpus related issues,https://oss-fuzz-build-logs.storage.googleapis.com/log-2adde499-f87f-4839-a7bf-87fdbe2bf94b.txt
apache-commons-codec,Issue downloading external resources,https://oss-fuzz-build-logs.storage.googleapis.com/log-c5a20d06-5e0b-4017-92b7-cdffd1abff80.txt
apache-commons-lang,Issue downloading external resources,https://oss-fuzz-build-logs.storage.googleapis.com/log-db71ba41-3377-438a-9fa9-05615bf9629e.txt
argo,Corpus related issues,https://oss-fuzz-build-logs.storage.googleapis.com/log-20372287-8660-4905-852a-06c7736fd94f.txt
arrow,Command and argument related issues,https://oss-fuzz-build-logs.storage.googleapis.com/log-d06f7f91-1892-4dba-b10f-bea1f1e07423.txt
arrow-java,Issue downloading external resources,https://oss-fuzz-build-logs.storage.googleapis.com/log-71a8b658-5809-4184-bbef-d1d7d53f613a.txt
aspectj,Corpus related issues,https://oss-fuzz-build-logs.storage.googleapis.com/log-64113f8d-2614-4ff1-990d-c23ca2e33bb5.txt
aspell,miscellaneous,https://oss-fuzz-build-logs.storage.googleapis.com/log-e5e69b90-2fbb-4f51-8e8c-bf395f8b3568.txt
assimp,Runtime issue while fuzzing,https://oss-fuzz-build-logs.storage.googleapis.com/log-8fd61297-05dd-48ee-8670-e0bb0fe1651e.txt
astc-encoder,Broken Fuzz target,https://oss-fuzz-build-logs.storage.googleapis.com/log-bbabf81b-eb48-423e-b254-220ed6b8d020.txt
augeas,Project: Missing source code files,https://oss-fuzz-build-logs.storage.googleapis.com/log-4051cad2-e886-4507-99eb-ce92ebf5114d.txt
avahi,Command and argument related issues,https://oss-fuzz-build-logs.storage.googleapis.com/log-5acb25d4-a86d-4232-8c49-dccbb637c99b.txt
bad_example,Broken Fuzz target,https://oss-fuzz-build-logs.storage.googleapis.com/log-2c0c162e-cded-426e-9bd6-4633b059927c.txt
bc-java,Issue downloading external resources,https://oss-fuzz-build-logs.storage.googleapis.com/log-b76af328-cc07-40b2-97da-8d4d7fccde41.txt
bearssl,Project: Dependency issues,https://oss-fuzz-build-logs.storage.googleapis.com/log-76f99f53-96f4-484d-bd49-ae9fd4df2d16.txt
bignum-fuzzer,Source code related project compilation errors,https://oss-fuzz-build-logs.storage.googleapis.com/log-8a4657ad-58c9-4c9a-b932-f9903abe5dec.txt
bind9,Not enough information,https://oss-fuzz-build-logs.storage.googleapis.com/log-634b9997-c444-451a-8d92-832c58a28186.txt
binutils,Source code related project compilation errors,https://oss-fuzz-build-logs.storage.googleapis.com/log-f6d0ad7f-2935-4589-a079-3447c708d6c8.txt
bitcoin-core,Runtime issue while fuzzing,https://oss-fuzz-build-logs.storage.googleapis.com/log-901398d0-fa69-4df3-8b05-bb2a4b6e79d3.txt
blackfriday,Project compile error: configuration and build file issues,https://oss-fuzz-build-logs.storage.googleapis.com/log-07c41c74-c3fd-4623-a995-0f5218b01cd0.txt
bleach,Issue downloading external resources,https://oss-fuzz-build-logs.storage.googleapis.com/log-f277569e-16a2-4f2c-b95e-4572b7726f5d.txt
bloaty,Source code related project compilation errors,https://oss-fuzz-build-logs.storage.googleapis.com/log-5bfa2f22-dab4-4e46-b5d1-79a809817f84.txt
bls-signatures,Project: Missing source code files,https://oss-fuzz-build-logs.storage.googleapis.com/log-796f1179-05c1-4338-94db-4213abeb36ab.txt
bluez,Runtime issue while fuzzing,https://oss-fuzz-build-logs.storage.googleapis.com/log-0ee126ba-48aa-4f12-8452-569f37d6e4c6.txt
boost,"Sanitizer errors: Memory Leak in the Project, Buffer-overflow, etc",https://oss-fuzz-build-logs.storage.googleapis.com/log-3fccaded-a773-4605-beba-cadc23e3669a.txt
boost-json,Project: Missing source code files,https://oss-fuzz-build-logs.storage.googleapis.com/log-5a853a57-9f11-4639-b534-abe95c91527f.txt
boringssl,Command and argument related issues,https://oss-fuzz-build-logs.storage.googleapis.com/log-852c493f-a1be-45f3-9288-025e1cd079ba.txt
botan,Corpus related issues,https://oss-fuzz-build-logs.storage.googleapis.com/log-cbc7a1cc-caf6-4204-9e2e-03747c58e278.txt
brotli,Command and argument related issues,https://oss-fuzz-build-logs.storage.googleapis.com/log-b4fb568a-a4bb-44fb-a6b9-f2a72d0d719a.txt
brotli-java,miscellaneous,https://oss-fuzz-build-logs.storage.googleapis.com/log-24d86ff0-278f-484c-af82-fa50ccf319e9.txt
brunsli,Command and argument related issues,https://oss-fuzz-build-logs.storage.googleapis.com/log-ae00c0d6-723c-4352-bd97-9d8d7fa11467.txt
bs4,Issue downloading external resources,https://oss-fuzz-build-logs.storage.googleapis.com/log-bfc29526-de47-4b68-bd4e-92c5b817aa9a.txt
bzip2,Not enough information,https://oss-fuzz-build-logs.storage.googleapis.com/log-d3f37b24-2e22-4100-b976-2057cda97f3a.txt
c-ares,Runtime issue while fuzzing,https://oss-fuzz-build-logs.storage.googleapis.com/log-b4589142-4b1f-4822-9ac2-a65bc106ca97.txt
c-blosc,Environment issue: Compiler issue,https://oss-fuzz-build-logs.storage.googleapis.com/log-37bc8114-373b-45ba-b617-67923f2e7944.txt
c-blosc2,"Sanitizer errors: Memory Leak in the Project, Buffer-overflow, etc",https://oss-fuzz-build-logs.storage.googleapis.com/log-24a291fb-b8a8-4d08-825a-35f4532ea8f2.txt
caddy,Issue downloading external resources,https://oss-fuzz-build-logs.storage.googleapis.com/log-9ceff99f-d06e-4ff8-9797-09c08fb8dbf0.txt
cairo,Issue downloading external resources,https://oss-fuzz-build-logs.storage.googleapis.com/log-d3e496f2-3292-47a5-9f43-df05c46cc9e1.txt
capnproto,Coverage build environment issues,https://oss-fuzz-build-logs.storage.googleapis.com/log-4d8096c4-e2ca-4eeb-a28f-28787868facd.txt
capstone,Source code related project compilation errors,https://oss-fuzz-build-logs.storage.googleapis.com/log-2b199a1b-6d3b-4518-b354-b17536d80522.txt
cascadia,Issue downloading external resources,https://oss-fuzz-build-logs.storage.googleapis.com/log-551c64ae-03cb-4f26-96f6-7cb2fb08b909.txt
casync,Coverage file and directory issues,https://oss-fuzz-build-logs.storage.googleapis.com/log-d4908671-f22a-464e-9b01-76460d388f57.txt
cbor-java,Issue downloading external resources,https://oss-fuzz-build-logs.storage.googleapis.com/log-db1bed2b-4045-4659-b633-49869b7aba57.txt
cctz,Coverage build environment issues,https://oss-fuzz-build-logs.storage.googleapis.com/log-590fc54f-8a17-45dd-9542-a98708c03293.txt
cel-cpp,Coverage build environment issues,https://oss-fuzz-build-logs.storage.googleapis.com/log-a22963c7-c295-4971-9581-c9bf90f29cfa.txt
cel-go,Issue downloading external resources,https://oss-fuzz-build-logs.storage.googleapis.com/log-71963473-130f-45b6-9b28-119b4a2a3fad.txt
cfengine,Corpus related issues,https://oss-fuzz-build-logs.storage.googleapis.com/log-c68f1a51-e573-4cf7-b042-717b0d14e792.txt
cglib,Not enough information,https://oss-fuzz-build-logs.storage.googleapis.com/log-793047fe-5afc-46f7-80d5-3791a23ad369.txt
chakra,Source code related project compilation errors,https://oss-fuzz-build-logs.storage.googleapis.com/log-8611ca27-a95c-44f8-a680-2470c40fcbbe.txt
checker-framework,Corpus related issues,https://oss-fuzz-build-logs.storage.googleapis.com/log-e978eccb-ec59-48e9-92c3-3da71cc4d928.txt
cilium,Corpus related issues,https://oss-fuzz-build-logs.storage.googleapis.com/log-babd1cf6-4fe5-4190-8974-c3a130c10d5a.txt
circl,Project: Dependency issues,https://oss-fuzz-build-logs.storage.googleapis.com/log-170c430f-caf1-4be2-b41e-d82e0d72c5a4.txt
civetweb,Project: Dependency issues,https://oss-fuzz-build-logs.storage.googleapis.com/log-76c07675-f27e-4749-b53c-60e059c28d16.txt
cjson,Environment issue: Compiler issue,https://oss-fuzz-build-logs.storage.googleapis.com/log-9e3ad3a1-7e4e-4a01-be9f-317dab752ee2.txt
clamav,Project: Missing source code files,https://oss-fuzz-build-logs.storage.googleapis.com/log-0db97af7-9ac7-4175-89ec-58e1e4fccb8a.txt
clib,Coverage build environment issues,https://oss-fuzz-build-logs.storage.googleapis.com/log-8acc1526-afcd-4302-b32e-3874f7ecc002.txt
clickhouse,Coverage file and directory issues,https://oss-fuzz-build-logs.storage.googleapis.com/log-5cc12cd4-7fc2-4dcf-8811-118b4bb5cfa8.txt
cloud-hypervisor,Corpus related issues,https://oss-fuzz-build-logs.storage.googleapis.com/log-d53502aa-4267-4c69-a28c-ee248b4bb5aa.txt
cmake,Coverage build environment issues,https://oss-fuzz-build-logs.storage.googleapis.com/log-25dd9aa8-87ed-47ea-a94d-21afce66c8eb.txt
cmark,Environment issue: Compiler issue,https://oss-fuzz-build-logs.storage.googleapis.com/log-62ed0397-4665-4331-9f09-d31225e63684.txt
config-validator,Issue downloading external resources,https://oss-fuzz-build-logs.storage.googleapis.com/log-e4cb6b0f-147e-47dc-a126-32ce978ba0d6.txt
containerd,Project compile error: configuration and build file issues,https://oss-fuzz-build-logs.storage.googleapis.com/log-03774615-9163-44d4-9119-581416ce2966.txt
cosign,Broken Fuzz target,https://oss-fuzz-build-logs.storage.googleapis.com/log-46a744ab-4f84-42e7-ab3f-02fea25661a6.txt
cosmos-sdk,Not enough information,https://oss-fuzz-build-logs.storage.googleapis.com/log-73b04f3e-5867-445e-8136-4322487a1c39.txt
coveragepy,Corpus related issues,https://oss-fuzz-build-logs.storage.googleapis.com/log-d55e947e-6723-4831-a323-368a3e476e14.txt
cpp-httplib,Command and argument related issues,https://oss-fuzz-build-logs.storage.googleapis.com/log-ea99ac4f-6864-49da-b5eb-98a3defad2df.txt
cppcheck,Project: Dependency issues,https://oss-fuzz-build-logs.storage.googleapis.com/log-bedb3ff8-b0fd-42cd-b309-e881cfe9bf29.txt
cpython3,Project compile error: configuration and build file issues,https://oss-fuzz-build-logs.storage.googleapis.com/log-06f68129-5be9-43d8-9e47-619b3ecbc598.txt
cras,Command and argument related issues,https://oss-fuzz-build-logs.storage.googleapis.com/log-503ee758-29d1-415b-8430-eab723f77550.txt
cri-o,Issue downloading external resources,https://oss-fuzz-build-logs.storage.googleapis.com/log-aa3fb7ac-d871-44aa-8bf8-37c4d2f01140.txt
croaring,Corpus related issues,https://oss-fuzz-build-logs.storage.googleapis.com/log-83c745f5-b756-42cd-b33a-ba377e26266d.txt
croniter,Corpus related issues,https://oss-fuzz-build-logs.storage.googleapis.com/log-6f339cf2-bfc8-4845-9a7c-1b96fded10b4.txt
crossplane,Project environment issue,https://oss-fuzz-build-logs.storage.googleapis.com/log-f3a0a814-e415-41bb-819c-b18a4e068a01.txt
cryptography,Corpus related issues,https://oss-fuzz-build-logs.storage.googleapis.com/log-9c75a933-ef43-4f25-be91-706fc67e06e0.txt
curl,Fuzzer build script issues,https://oss-fuzz-build-logs.storage.googleapis.com/log-2db3bc2e-7fbb-4bc7-bcd6-8ed8f7352efc.txt
cyclonedds,Environment issue: Compiler issue,https://oss-fuzz-build-logs.storage.googleapis.com/log-e67a7af3-7a3c-4b6e-87bd-4fe2379c4b2d.txt
dart,Not enough information,https://oss-fuzz-build-logs.storage.googleapis.com/log-f223084f-6b89-402a-8857-eeac15375a4c.txt
dav1d,Broken Fuzz target,https://oss-fuzz-build-logs.storage.googleapis.com/log-75c07809-3989-486c-bf09-3d8d7a5ff614.txt
dgraph,Project compile error: configuration and build file issues,https://oss-fuzz-build-logs.storage.googleapis.com/log-26694616-e2fa-42fd-9e6e-92194933269f.txt
distribution,Environment issue: Permission issue,https://oss-fuzz-build-logs.storage.googleapis.com/log-a1ae1af6-b8a9-4c20-83b4-20892bfad856.txt
django,Project: Dependency issues,https://oss-fuzz-build-logs.storage.googleapis.com/log-d4363218-128c-4c47-b758-e543566ecd72.txt
dlplibs,Runtime issue while fuzzing,https://oss-fuzz-build-logs.storage.googleapis.com/log-8148b2b1-273c-4ae8-8d5e-a7f5828f7273.txt
dng_sdk,Project: Dependency issues,https://oss-fuzz-build-logs.storage.googleapis.com/log-2b33b402-0d12-4e16-b15f-67a1c70a5fd6.txt
dnsmasq,Source code related project compilation errors,https://oss-fuzz-build-logs.storage.googleapis.com/log-f198cdf8-b07e-401a-aea1-83a8cd27d963.txt
dom4j,Issue downloading external resources,https://oss-fuzz-build-logs.storage.googleapis.com/log-2d60cb33-e023-4914-bb0b-8dd23aecba22.txt
double-conversion,Environment issue: Compiler issue,https://oss-fuzz-build-logs.storage.googleapis.com/log-761c93f9-3224-4121-bce4-88995ac142ac.txt
dovecot,"Sanitizer errors: Memory Leak in the Project, Buffer-overflow, etc",https://oss-fuzz-build-logs.storage.googleapis.com/log-6a0e5f5c-81e3-483e-aef3-2a2ba36da50b.txt
draco,Coverage file and directory issues,https://oss-fuzz-build-logs.storage.googleapis.com/log-776affc2-5bfd-4899-a330-4d6de43b61d3.txt
dragonfly,Issue downloading external resources,https://oss-fuzz-build-logs.storage.googleapis.com/log-8e14912b-3cfb-4a8e-9bd5-b5bd943cb0f6.txt
dropbear,miscellaneous,https://oss-fuzz-build-logs.storage.googleapis.com/log-6307a8cf-bee1-495a-a7c7-bebceabdb625.txt
duckdb,Environment issue: Hardware issue,https://oss-fuzz-build-logs.storage.googleapis.com/log-c84f7d8b-8a5f-4406-806e-3c30485fd779.txt
e2fsprogs,Environment issue: Compiler issue,https://oss-fuzz-build-logs.storage.googleapis.com/log-75f4c598-c331-4299-93d3-70e68936a03e.txt
easywsclient,Coverage file and directory issues,https://oss-fuzz-build-logs.storage.googleapis.com/log-cf1a1580-79c8-4134-82b7-955b08c6c44a.txt
ecc-diff-fuzzer,Project: Dependency issues,https://oss-fuzz-build-logs.storage.googleapis.com/log-d6b10aa0-0b62-484f-9780-a55f2207ad86.txt
eigen,Coverage file and directory issues,https://oss-fuzz-build-logs.storage.googleapis.com/log-32da567a-5f01-4a28-8bcc-eb7968379358.txt
elfutils,Corpus related issues,https://oss-fuzz-build-logs.storage.googleapis.com/log-9d33b05d-09db-4308-bcc4-f534bb79c3ae.txt
envoy,Project: Missing source code files,https://oss-fuzz-build-logs.storage.googleapis.com/log-16f3f8b8-a306-4f8e-89fa-96675b5b23b8.txt
esp-v2,Source code related project compilation errors,https://oss-fuzz-build-logs.storage.googleapis.com/log-0d4f2e86-2725-46ff-be99-099902bf9452.txt
espeak-ng,Environment issue: Compiler issue,https://oss-fuzz-build-logs.storage.googleapis.com/log-7d821634-71b4-4c06-bca1-18533b66b39a.txt
etcd,Project compile error: configuration and build file issues,https://oss-fuzz-build-logs.storage.googleapis.com/log-dfb99ea5-400d-4a8c-825e-e5b755ead663.txt
example,Fuzzer build script issues,https://oss-fuzz-build-logs.storage.googleapis.com/log-79f3657f-094b-404e-a217-515305b94054.txt
exiv2,Environment issue: Compiler issue,https://oss-fuzz-build-logs.storage.googleapis.com/log-9e35287b-37a6-43da-8a1a-0342a5cefec4.txt
expat,Coverage file and directory issues,https://oss-fuzz-build-logs.storage.googleapis.com/log-a5de48ea-832b-4491-b437-788e83255ecf.txt
exprtk,Coverage file and directory issues,https://oss-fuzz-build-logs.storage.googleapis.com/log-30111183-3025-4a4b-ac37-32b009fc7c6f.txt
fabric,Corpus related issues,https://oss-fuzz-build-logs.storage.googleapis.com/log-0de08877-75df-4025-a0a6-29a34a626e2f.txt
fast-dds,Project: Dependency issues,https://oss-fuzz-build-logs.storage.googleapis.com/log-3f2cf026-c2fc-490d-a453-14b26b3d87c0.txt
fasthttp,Project environment issue,https://oss-fuzz-build-logs.storage.googleapis.com/log-2ca308b4-9a9f-4b6b-ae5c-dafd788e4273.txt
fastjson,Project compile error: configuration and build file issues,https://oss-fuzz-build-logs.storage.googleapis.com/log-baddfc5d-4749-405d-aa29-85cab82e11b4.txt
fastjson2,Issue downloading external resources,https://oss-fuzz-build-logs.storage.googleapis.com/log-553a56a0-5551-413d-adf4-eee229f2894a.txt
ffmpeg,Command and argument related issues,https://oss-fuzz-build-logs.storage.googleapis.com/log-7f546aa6-0157-4654-b12d-4304f8344074.txt
file,Environment issue: Compiler issue,https://oss-fuzz-build-logs.storage.googleapis.com/log-3c2666bd-1e7c-4a27-88af-e4c3f74561b6.txt
fio,Command and argument related issues,https://oss-fuzz-build-logs.storage.googleapis.com/log-482182cd-b349-4123-a1f4-c3980e678415.txt
firefox,Source code related project compilation errors,https://oss-fuzz-build-logs.storage.googleapis.com/log-7cb64d0d-1615-4423-8d2d-b5f9fcdf94ac.txt
firestore,Project: Missing source code files,https://oss-fuzz-build-logs.storage.googleapis.com/log-85dd971d-57be-41e6-89f9-bee2666ffd29.txt
flac,Project: Dependency issues,https://oss-fuzz-build-logs.storage.googleapis.com/log-c45054d4-714b-446e-853d-e64a69698189.txt
flask,Issue downloading external resources,https://oss-fuzz-build-logs.storage.googleapis.com/log-26301266-dcac-4b8e-b725-b9244ec5f4a7.txt
flatbuffers,miscellaneous,https://oss-fuzz-build-logs.storage.googleapis.com/log-ad583e64-4d00-45f5-bdcc-4f522f75bed6.txt
flate2-rs,Environment issue: Compiler issue,https://oss-fuzz-build-logs.storage.googleapis.com/log-b9d1949e-97ae-4b45-8c87-eacd89d724e2.txt
fluent-bit,Corpus related issues,https://oss-fuzz-build-logs.storage.googleapis.com/log-7a8b3402-a33b-48c8-bdcf-594a5f61b2e4.txt
fluxcd,Project compile error: configuration and build file issues,https://oss-fuzz-build-logs.storage.googleapis.com/log-8ea1a5d8-a1bd-4975-ab2e-0f449748598d.txt
fmt,Environment issue: Compiler issue,https://oss-fuzz-build-logs.storage.googleapis.com/log-778cfa1c-a9a0-47d3-acec-5152e2a2e263.txt
freeimage,Command and argument related issues,https://oss-fuzz-build-logs.storage.googleapis.com/log-bbe85d13-0375-465c-91b3-924d6caab075.txt
freeradius,Runtime issue while fuzzing,https://oss-fuzz-build-logs.storage.googleapis.com/log-672019ae-dcc5-4d2a-8f27-0cd9ba3e26a3.txt
freetype2,Environment issue: Network issue,https://oss-fuzz-build-logs.storage.googleapis.com/log-cc5e96ee-0e17-4d89-af57-17c8fb50be28.txt
fribidi,"Sanitizer errors: Memory Leak in the Project, Buffer-overflow, etc",https://oss-fuzz-build-logs.storage.googleapis.com/log-6a11bd4e-0495-4393-85b1-d4986beae7e2.txt
frr,Source code related project compilation errors,https://oss-fuzz-build-logs.storage.googleapis.com/log-1890766a-24d5-420b-ac1b-2d4a2edcbda3.txt
ftfy,Corpus related issues,https://oss-fuzz-build-logs.storage.googleapis.com/log-084b0440-70cc-4a0d-bac7-87620afcd7db.txt
fwupd,Corpus related issues,https://oss-fuzz-build-logs.storage.googleapis.com/log-e73c52d3-e860-43fe-9b08-e2bacdef8907.txt
g-api-auth-library-python,Corpus related issues,https://oss-fuzz-build-logs.storage.googleapis.com/log-077a5a33-397b-4b4b-adec-9b818939f859.txt
g-api-pubsub,Corpus related issues,https://oss-fuzz-build-logs.storage.googleapis.com/log-3225442d-bc0b-4e05-9b52-394456d10406.txt
g-api-py-api-common-protos,Project: Dependency issues,https://oss-fuzz-build-logs.storage.googleapis.com/log-0209c4be-c527-4040-88ab-fa5f1c054347.txt
g-api-python-cloud-core,Corpus related issues,https://oss-fuzz-build-logs.storage.googleapis.com/log-88800df0-56eb-4660-b754-5aec156d6169.txt
g-api-resumable-media-python,Corpus related issues,https://oss-fuzz-build-logs.storage.googleapis.com/log-f300cecc-236a-4ca3-9837-31e5dae2f2bb.txt
g-api-secret-manager,Corpus related issues,https://oss-fuzz-build-logs.storage.googleapis.com/log-c5e096a4-73b5-465c-9641-068b7e35cbc0.txt
g-cloud-logging-py,Corpus related issues,https://oss-fuzz-build-logs.storage.googleapis.com/log-f197350d-e6f4-4481-aaae-1fdb290bf7fb.txt
gcloud-error-py,Corpus related issues,https://oss-fuzz-build-logs.storage.googleapis.com/log-5565fa72-3e35-4c23-9e48-aaa035205de6.txt
gcloud-go,Project compile error: configuration and build file issues,https://oss-fuzz-build-logs.storage.googleapis.com/log-3405fb7b-3ca3-4e11-ba56-382f80d8d94d.txt
